"name","run.no.in.std.order","run.no","run.no.std.rp","size","threads","optimization","compiler","time"
"1","53",1,"53.1","512","2","O3","gcc",0.144429
"2","58",2,"58.1","724","4","O3","gcc",0.314401
"3","33",3,"33.1","512","1","O2","gcc",0.286600
"4","97",4,"97.1","512","1","O2","clang",0.286353
"5","42",5,"42.1","724","4","O2","gcc",0.345997
"6","49",6,"49.1","512","1","O3","gcc",0.286512
"7","119",7,"119.1","1024","2","O3","clang",2.096168
"8","24",8,"24.1","1448","2","O1","gcc",6.383076
"9","62",9,"62.1","724","8","O3","gcc",0.323524
"10","73",10,"73.1","512","4","O0","clang",0.279183
"11","90",11,"90.1","724","4","O1","clang",0.315702
"12","110",12,"110.1","724","8","O2","clang",0.310234
"13","122",13,"122.1","724","4","O3","clang",0.316015
"14","50",14,"50.1","724","1","O3","gcc",0.916104
"15","70",15,"70.1","724","2","O0","clang",1.746374
"16","75",16,"75.1","1024","4","O0","clang",3.044405
"17","60",17,"60.1","1448","4","O3","gcc",3.657365
"18","98",18,"98.1","724","1","O2","clang",0.913639
"19","15",19,"15.1","1024","8","O0","gcc",3.131901
"20","27",20,"27.1","1024","4","O1","gcc",1.195864
"21","91",21,"91.1","1024","4","O1","clang",1.195393
"22","8",22,"8.1","1448","2","O0","gcc",17.478687
"23","45",23,"45.1","512","8","O2","gcc",0.101255
"24","80",24,"80.1","1448","8","O0","clang",9.152245
"25","84",25,"84.1","1448","1","O1","clang",11.969480
"26","46",26,"46.1","724","8","O2","gcc",0.328500
"27","93",27,"93.1","512","8","O1","clang",0.099522
"28","59",28,"59.1","1024","4","O3","gcc",1.224352
"29","78",29,"78.1","724","8","O0","clang",0.930122
"30","68",30,"68.1","1448","1","O0","clang",34.358599
"31","67",31,"67.1","1024","1","O0","clang",11.841395
"32","117",32,"117.1","512","2","O3","clang",0.145441
"33","104",33,"104.1","1448","2","O2","clang",6.097464
"34","7",34,"7.1","1024","2","O0","gcc",6.069899
"35","9",35,"9.1","512","4","O0","gcc",0.284077
"36","103",36,"103.1","1024","2","O2","clang",2.088997
"37","13",37,"13.1","512","8","O0","gcc",0.284303
"38","127",38,"127.1","1024","8","O3","clang",1.304876
"39","23",39,"23.1","1024","2","O1","gcc",2.168523
"40","126",40,"126.1","724","8","O3","clang",0.312613
"41","44",41,"44.1","1448","4","O2","gcc",3.596348
"42","69",42,"69.1","512","2","O0","clang",0.552527
"43","83",43,"83.1","1024","1","O1","clang",4.022611
"44","76",44,"76.1","1448","4","O0","clang",8.935904
"45","56",45,"56.1","1448","2","O3","gcc",6.103039
"46","89",46,"89.1","512","4","O1","clang",0.101443
"47","115",47,"115.1","1024","1","O3","clang",3.847273
"48","16",48,"16.1","1448","8","O0","gcc",8.923566
"49","48",49,"48.1","1448","8","O2","gcc",3.906958
"50","43",50,"43.1","1024","4","O2","gcc",1.206242
"51","28",51,"28.1","1448","4","O1","gcc",3.539174
"52","52",52,"52.1","1448","1","O3","gcc",11.447574
"53","51",53,"51.1","1024","1","O3","gcc",3.846860
"54","121",54,"121.1","512","4","O3","clang",0.103414
"55","96",55,"96.1","1448","8","O1","clang",3.961570
"56","1",56,"1.1","512","1","O0","gcc",1.086894
"57","19",57,"19.1","1024","1","O1","gcc",4.023142
"58","74",58,"74.1","724","4","O0","clang",0.894821
"59","71",59,"71.1","1024","2","O0","clang",6.068418
"60","94",60,"94.1","724","8","O1","clang",0.320345
"61","109",61,"109.1","512","8","O2","clang",0.105461
"62","10",62,"10.1","724","4","O0","gcc",0.890321
"63","101",63,"101.1","512","2","O2","clang",0.145680
"64","85",64,"85.1","512","2","O1","clang",0.155377
"65","77",65,"77.1","512","8","O0","clang",0.292317
"66","79",66,"79.1","1024","8","O0","clang",3.044003
"67","120",67,"120.1","1448","2","O3","clang",6.154436
"68","57",68,"57.1","512","4","O3","gcc",0.099707
"69","95",69,"95.1","1024","8","O1","clang",1.236397
"70","123",70,"123.1","1024","4","O3","clang",1.206755
"71","18",71,"18.1","724","1","O1","gcc",0.991545
"72","31",72,"31.1","1024","8","O1","gcc",1.230566
"73","72",73,"72.1","1448","2","O0","clang",17.444482
"74","99",74,"99.1","1024","1","O2","clang",3.846318
"75","32",75,"32.1","1448","8","O1","gcc",3.910566
"76","63",76,"63.1","1024","8","O3","gcc",1.259472
"77","30",77,"30.1","724","8","O1","gcc",0.329976
"78","112",78,"112.1","1448","8","O2","clang",3.796077
"79","34",79,"34.1","724","1","O2","gcc",0.913679
"80","26",80,"26.1","724","4","O1","gcc",0.314457
"81","54",81,"54.1","724","2","O3","gcc",0.476397
"82","11",82,"11.1","1024","4","O0","gcc",3.120331
"83","118",83,"118.1","724","2","O3","clang",0.473176
"84","25",84,"25.1","512","4","O1","gcc",0.119786
"85","2",85,"2.1","724","1","O0","gcc",3.449659
"86","14",86,"14.1","724","8","O0","gcc",0.906193
"87","102",87,"102.1","724","2","O2","clang",0.488249
"88","125",88,"125.1","512","8","O3","clang",0.108267
"89","40",89,"40.1","1448","2","O2","gcc",6.168117
"90","3",90,"3.1","1024","1","O0","gcc",11.844831
"91","106",91,"106.1","724","4","O2","clang",0.333198
"92","81",92,"81.1","512","1","O1","clang",0.303035
"93","66",93,"66.1","724","1","O0","clang",3.451196
"94","113",94,"113.1","512","1","O3","clang",0.282917
"95","29",95,"29.1","512","8","O1","gcc",0.121929
"96","21",96,"21.1","512","2","O1","gcc",0.156568
"97","35",97,"35.1","1024","1","O2","gcc",3.845563
"98","92",98,"92.1","1448","4","O1","clang",3.658064
"99","105",99,"105.1","512","4","O2","clang",0.099859
"100","107",100,"107.1","1024","4","O2","clang",1.209408
"101","12",101,"12.1","1448","4","O0","gcc",8.761310
"102","64",102,"64.1","1448","8","O3","gcc",3.782561
"103","87",103,"87.1","1024","2","O1","clang",2.176335
"104","38",104,"38.1","724","2","O2","gcc",0.466933
"105","65",105,"65.1","512","1","O0","clang",1.087050
"106","82",106,"82.1","724","1","O1","clang",0.988703
"107","86",107,"86.1","724","2","O1","clang",0.506959
"108","22",108,"22.1","724","2","O1","gcc",0.506710
"109","55",109,"55.1","1024","2","O3","gcc",2.079678
"110","4",110,"4.1","1448","1","O0","gcc",34.308907
"111","116",111,"116.1","1448","1","O3","clang",11.445825
"112","88",112,"88.1","1448","2","O1","clang",6.489574
"113","124",113,"124.1","1448","4","O3","clang",3.610472
"114","20",114,"20.1","1448","1","O1","gcc",11.962274
"115","47",115,"47.1","1024","8","O2","gcc",1.254908
"116","6",116,"6.1","724","2","O0","gcc",1.740552
"117","108",117,"108.1","1448","4","O2","clang",3.478797
"118","114",118,"114.1","724","1","O3","clang",0.916124
"119","17",119,"17.1","512","1","O1","gcc",0.304507
"120","100",120,"100.1","1448","1","O2","clang",11.449856
"121","41",121,"41.1","512","4","O2","gcc",0.095500
"122","37",122,"37.1","512","2","O2","gcc",0.161458
"123","111",123,"111.1","1024","8","O2","clang",1.231408
"124","36",124,"36.1","1448","1","O2","gcc",11.451365
"125","5",125,"5.1","512","2","O0","gcc",0.545916
"126","39",126,"39.1","1024","2","O2","gcc",2.075367
"127","61",127,"61.1","512","8","O3","gcc",0.118906
"128","128",128,"128.1","1448","8","O3","clang",3.800725
"129","36",129,"36.2","1448","1","O2","gcc",11.449445
"130","1",130,"1.2","512","1","O0","gcc",1.090605
"131","16",131,"16.2","1448","8","O0","gcc",9.230216
"132","80",132,"80.2","1448","8","O0","clang",9.207643
"133","69",133,"69.2","512","2","O0","clang",0.549112
"134","12",134,"12.2","1448","4","O0","gcc",9.047060
"135","99",135,"99.2","1024","1","O2","clang",3.846383
"136","90",136,"90.2","724","4","O1","clang",0.316326
"137","50",137,"50.2","724","1","O3","gcc",0.916488
"138","60",138,"60.2","1448","4","O3","gcc",3.627619
"139","33",139,"33.2","512","1","O2","gcc",0.287608
"140","49",140,"49.2","512","1","O3","gcc",0.286576
"141","15",141,"15.2","1024","8","O0","gcc",3.127571
"142","114",142,"114.2","724","1","O3","clang",0.917396
"143","5",143,"5.2","512","2","O0","gcc",0.545888
"144","102",144,"102.2","724","2","O2","clang",0.464989
"145","22",145,"22.2","724","2","O1","gcc",0.506842
"146","120",146,"120.2","1448","2","O3","clang",6.091027
"147","112",147,"112.2","1448","8","O2","clang",3.956919
"148","13",148,"13.2","512","8","O0","gcc",0.356766
"149","125",149,"125.2","512","8","O3","clang",0.108947
"150","97",150,"97.2","512","1","O2","clang",0.285265
"151","25",151,"25.2","512","4","O1","gcc",0.096908
"152","87",152,"87.2","1024","2","O1","clang",2.186240
"153","103",153,"103.2","1024","2","O2","clang",2.081873
"154","57",154,"57.2","512","4","O3","gcc",0.101207
"155","107",155,"107.2","1024","4","O2","clang",1.230257
"156","66",156,"66.2","724","1","O0","clang",3.455932
"157","28",157,"28.2","1448","4","O1","gcc",3.517377
"158","41",158,"41.2","512","4","O2","gcc",0.098841
"159","37",159,"37.2","512","2","O2","gcc",0.151345
"160","73",160,"73.2","512","4","O0","clang",0.315592
"161","105",161,"105.2","512","4","O2","clang",0.097209
"162","121",162,"121.2","512","4","O3","clang",0.101382
"163","67",163,"67.2","1024","1","O0","clang",11.837780
"164","106",164,"106.2","724","4","O2","clang",0.312741
"165","126",165,"126.2","724","8","O3","clang",0.314652
"166","95",166,"95.2","1024","8","O1","clang",1.245159
"167","89",167,"89.2","512","4","O1","clang",0.122343
"168","30",168,"30.2","724","8","O1","gcc",0.317532
"169","122",169,"122.2","724","4","O3","clang",0.313888
"170","117",170,"117.2","512","2","O3","clang",0.159121
"171","45",171,"45.2","512","8","O2","gcc",0.099706
"172","20",172,"20.2","1448","1","O1","gcc",11.970506
"173","72",173,"72.2","1448","2","O0","clang",17.473963
"174","18",174,"18.2","724","1","O1","gcc",0.988479
"175","115",175,"115.2","1024","1","O3","clang",3.849100
"176","14",176,"14.2","724","8","O0","gcc",0.943098
"177","46",177,"46.2","724","8","O2","gcc",0.329053
"178","3",178,"3.2","1024","1","O0","gcc",11.846017
"179","51",179,"51.2","1024","1","O3","gcc",3.847938
"180","82",180,"82.2","724","1","O1","clang",0.991916
"181","9",181,"9.2","512","4","O0","gcc",0.279452
"182","91",182,"91.2","1024","4","O1","clang",1.221742
"183","17",183,"17.2","512","1","O1","gcc",0.307546
"184","38",184,"38.2","724","2","O2","gcc",0.467477
"185","93",185,"93.2","512","8","O1","clang",0.113194
"186","2",186,"2.2","724","1","O0","gcc",3.451113
"187","39",187,"39.2","1024","2","O2","gcc",2.079277
"188","52",188,"52.2","1448","1","O3","gcc",11.457964
"189","109",189,"109.2","512","8","O2","clang",0.106982
"190","44",190,"44.2","1448","4","O2","gcc",3.561547
"191","58",191,"58.2","724","4","O3","gcc",0.323027
"192","81",192,"81.2","512","1","O1","clang",0.306768
"193","42",193,"42.2","724","4","O2","gcc",0.313670
"194","47",194,"47.2","1024","8","O2","gcc",1.236053
"195","71",195,"71.2","1024","2","O0","clang",6.063348
"196","27",196,"27.2","1024","4","O1","gcc",1.197039
"197","86",197,"86.2","724","2","O1","clang",0.520430
"198","65",198,"65.2","512","1","O0","clang",1.087988
"199","31",199,"31.2","1024","8","O1","gcc",1.295817
"200","92",200,"92.2","1448","4","O1","clang",3.532840
"201","108",201,"108.2","1448","4","O2","clang",3.646693
"202","24",202,"24.2","1448","2","O1","gcc",6.392086
"203","59",203,"59.2","1024","4","O3","gcc",1.290491
"204","75",204,"75.2","1024","4","O0","clang",3.318038
"205","10",205,"10.2","724","4","O0","gcc",1.040831
"206","63",206,"63.2","1024","8","O3","gcc",1.279443
"207","19",207,"19.2","1024","1","O1","gcc",4.028828
"208","68",208,"68.2","1448","1","O0","clang",34.299396
"209","56",209,"56.2","1448","2","O3","gcc",6.093449
"210","98",210,"98.2","724","1","O2","clang",0.914099
"211","124",211,"124.2","1448","4","O3","clang",3.637989
"212","55",212,"55.2","1024","2","O3","gcc",2.097386
"213","85",213,"85.2","512","2","O1","clang",0.156372
"214","32",214,"32.2","1448","8","O1","gcc",3.953967
"215","64",215,"64.2","1448","8","O3","gcc",3.824757
"216","88",216,"88.2","1448","2","O1","clang",6.438098
"217","29",217,"29.2","512","8","O1","gcc",0.102947
"218","101",218,"101.2","512","2","O2","clang",0.146329
"219","127",219,"127.2","1024","8","O3","clang",1.258202
"220","119",220,"119.2","1024","2","O3","clang",2.085129
"221","4",221,"4.2","1448","1","O0","gcc",34.309766
"222","79",222,"79.2","1024","8","O0","clang",3.073941
"223","62",223,"62.2","724","8","O3","gcc",0.320233
"224","11",224,"11.2","1024","4","O0","gcc",3.041325
"225","94",225,"94.2","724","8","O1","clang",0.325547
"226","21",226,"21.2","512","2","O1","gcc",0.155654
"227","83",227,"83.2","1024","1","O1","clang",4.026610
"228","77",228,"77.2","512","8","O0","clang",0.283212
"229","128",229,"128.2","1448","8","O3","clang",3.983019
"230","48",230,"48.2","1448","8","O2","gcc",3.915691
"231","78",231,"78.2","724","8","O0","clang",0.980793
"232","35",232,"35.2","1024","1","O2","gcc",3.847940
"233","116",233,"116.2","1448","1","O3","clang",11.449000
"234","100",234,"100.2","1448","1","O2","clang",11.456449
"235","53",235,"53.2","512","2","O3","gcc",0.146731
"236","111",236,"111.2","1024","8","O2","clang",1.264794
"237","113",237,"113.2","512","1","O3","clang",0.282910
"238","26",238,"26.2","724","4","O1","gcc",0.320317
"239","23",239,"23.2","1024","2","O1","gcc",2.174455
"240","84",240,"84.2","1448","1","O1","clang",11.970619
"241","76",241,"76.2","1448","4","O0","clang",8.524274
"242","43",242,"43.2","1024","4","O2","gcc",1.201228
"243","61",243,"61.2","512","8","O3","gcc",0.107362
"244","110",244,"110.2","724","8","O2","clang",0.326621
"245","123",245,"123.2","1024","4","O3","clang",1.242408
"246","74",246,"74.2","724","4","O0","clang",1.071115
"247","34",247,"34.2","724","1","O2","gcc",0.916628
"248","54",248,"54.2","724","2","O3","gcc",0.467371
"249","118",249,"118.2","724","2","O3","clang",0.469062
"250","7",250,"7.2","1024","2","O0","gcc",6.055982
"251","70",251,"70.2","724","2","O0","clang",1.739485
"252","96",252,"96.2","1448","8","O1","clang",3.914121
"253","6",253,"6.2","724","2","O0","gcc",1.741939
"254","104",254,"104.2","1448","2","O2","clang",6.092723
"255","8",255,"8.2","1448","2","O0","gcc",17.463871
"256","40",256,"40.2","1448","2","O2","gcc",6.058937
"257","100",257,"100.3","1448","1","O2","clang",11.452126
"258","123",258,"123.3","1024","4","O3","clang",1.213317
"259","68",259,"68.3","1448","1","O0","clang",34.309944
"260","101",260,"101.3","512","2","O2","clang",0.147417
"261","2",261,"2.3","724","1","O0","gcc",3.446238
"262","12",262,"12.3","1448","4","O0","gcc",8.519088
"263","107",263,"107.3","1024","4","O2","clang",1.206522
"264","52",264,"52.3","1448","1","O3","gcc",11.448753
"265","122",265,"122.3","724","4","O3","clang",0.346048
"266","95",266,"95.3","1024","8","O1","clang",1.243767
"267","115",267,"115.3","1024","1","O3","clang",3.845920
"268","69",268,"69.3","512","2","O0","clang",0.546783
"269","103",269,"103.3","1024","2","O2","clang",2.078018
"270","93",270,"93.3","512","8","O1","clang",0.099861
"271","15",271,"15.3","1024","8","O0","gcc",3.166466
"272","91",272,"91.3","1024","4","O1","clang",1.203904
"273","124",273,"124.3","1448","4","O3","clang",3.760379
"274","80",274,"80.3","1448","8","O0","clang",9.708644
"275","121",275,"121.3","512","4","O3","clang",0.097066
"276","43",276,"43.3","1024","4","O2","gcc",1.277884
"277","37",277,"37.3","512","2","O2","gcc",0.167167
"278","105",278,"105.3","512","4","O2","clang",0.099697
"279","26",279,"26.3","724","4","O1","gcc",0.344600
"280","67",280,"67.3","1024","1","O0","clang",11.846832
"281","60",281,"60.3","1448","4","O3","gcc",3.570855
"282","19",282,"19.3","1024","1","O1","gcc",4.027006
"283","41",283,"41.3","512","4","O2","gcc",0.104428
"284","39",284,"39.3","1024","2","O2","gcc",2.099164
"285","89",285,"89.3","512","4","O1","clang",0.101540
"286","7",286,"7.3","1024","2","O0","gcc",6.063032
"287","88",287,"88.3","1448","2","O1","clang",6.437295
"288","47",288,"47.3","1024","8","O2","gcc",1.239125
"289","64",289,"64.3","1448","8","O3","gcc",3.951050
"290","82",290,"82.3","724","1","O1","clang",0.992391
"291","113",291,"113.3","512","1","O3","clang",0.287069
"292","90",292,"90.3","724","4","O1","clang",0.318751
"293","24",293,"24.3","1448","2","O1","gcc",6.279785
"294","116",294,"116.3","1448","1","O3","clang",11.443672
"295","117",295,"117.3","512","2","O3","clang",0.145683
"296","62",296,"62.3","724","8","O3","gcc",0.311700
"297","49",297,"49.3","512","1","O3","gcc",0.283312
"298","111",298,"111.3","1024","8","O2","clang",1.256407
"299","48",299,"48.3","1448","8","O2","gcc",3.821177
"300","127",300,"127.3","1024","8","O3","clang",1.244036
"301","33",301,"33.3","512","1","O2","gcc",0.282614
"302","57",302,"57.3","512","4","O3","gcc",0.119720
"303","98",303,"98.3","724","1","O2","clang",0.914967
"304","76",304,"76.3","1448","4","O0","clang",9.122831
"305","61",305,"61.3","512","8","O3","gcc",0.102850
"306","71",306,"71.3","1024","2","O0","clang",6.069039
"307","5",307,"5.3","512","2","O0","gcc",0.606696
"308","42",308,"42.3","724","4","O2","gcc",0.315622
"309","51",309,"51.3","1024","1","O3","gcc",3.846964
"310","72",310,"72.3","1448","2","O0","clang",17.489095
"311","125",311,"125.3","512","8","O3","clang",0.102715
"312","16",312,"16.3","1448","8","O0","gcc",9.743030
"313","38",313,"38.3","724","2","O2","gcc",0.482207
"314","99",314,"99.3","1024","1","O2","clang",3.848300
"315","54",315,"54.3","724","2","O3","gcc",0.467740
"316","66",316,"66.3","724","1","O0","clang",3.449507
"317","1",317,"1.3","512","1","O0","gcc",1.091617
"318","25",318,"25.3","512","4","O1","gcc",0.096656
"319","59",319,"59.3","1024","4","O3","gcc",1.235444
"320","106",320,"106.3","724","4","O2","clang",0.314250
"321","58",321,"58.3","724","4","O3","gcc",0.329705
"322","14",322,"14.3","724","8","O0","gcc",0.897245
"323","104",323,"104.3","1448","2","O2","clang",6.165732
"324","102",324,"102.3","724","2","O2","clang",0.468140
"325","27",325,"27.3","1024","4","O1","gcc",1.210573
"326","128",326,"128.3","1448","8","O3","clang",4.094354
"327","63",327,"63.3","1024","8","O3","gcc",1.322779
"328","4",328,"4.3","1448","1","O0","gcc",34.301838
"329","78",329,"78.3","724","8","O0","clang",0.895401
"330","44",330,"44.3","1448","4","O2","gcc",3.598440
"331","119",331,"119.3","1024","2","O3","clang",2.061787
"332","83",332,"83.3","1024","1","O1","clang",4.026983
"333","126",333,"126.3","724","8","O3","clang",0.311269
"334","56",334,"56.3","1448","2","O3","gcc",6.086056
"335","18",335,"18.3","724","1","O1","gcc",0.988181
"336","73",336,"73.3","512","4","O0","clang",0.288219
"337","22",337,"22.3","724","2","O1","gcc",0.512130
"338","86",338,"86.3","724","2","O1","clang",0.509025
"339","79",339,"79.3","1024","8","O0","clang",3.069133
"340","85",340,"85.3","512","2","O1","clang",0.168722
"341","34",341,"34.3","724","1","O2","gcc",0.914320
"342","55",342,"55.3","1024","2","O3","gcc",2.083555
"343","10",343,"10.3","724","4","O0","gcc",0.893456
"344","36",344,"36.3","1448","1","O2","gcc",11.457904
"345","77",345,"77.3","512","8","O0","clang",0.291512
"346","109",346,"109.3","512","8","O2","clang",0.102426
"347","118",347,"118.3","724","2","O3","clang",0.471777
"348","65",348,"65.3","512","1","O0","clang",1.089707
"349","17",349,"17.3","512","1","O1","gcc",0.308648
"350","8",350,"8.3","1448","2","O0","gcc",17.462144
"351","50",351,"50.3","724","1","O3","gcc",0.917410
"352","75",352,"75.3","1024","4","O0","clang",3.042011
"353","114",353,"114.3","724","1","O3","clang",0.916926
"354","53",354,"53.3","512","2","O3","gcc",0.144223
"355","35",355,"35.3","1024","1","O2","gcc",3.847381
"356","45",356,"45.3","512","8","O2","gcc",0.106332
"357","97",357,"97.3","512","1","O2","clang",0.286001
"358","28",358,"28.3","1448","4","O1","gcc",3.695767
"359","94",359,"94.3","724","8","O1","clang",0.331487
"360","23",360,"23.3","1024","2","O1","gcc",2.200408
"361","70",361,"70.3","724","2","O0","clang",1.739292
"362","96",362,"96.3","1448","8","O1","clang",3.811567
"363","32",363,"32.3","1448","8","O1","gcc",3.980253
"364","84",364,"84.3","1448","1","O1","clang",11.971516
"365","13",365,"13.3","512","8","O0","gcc",0.286385
"366","6",366,"6.3","724","2","O0","gcc",1.742692
"367","40",367,"40.3","1448","2","O2","gcc",6.046582
"368","87",368,"87.3","1024","2","O1","clang",2.133834
"369","112",369,"112.3","1448","8","O2","clang",4.144788
"370","31",370,"31.3","1024","8","O1","gcc",1.260332
"371","120",371,"120.3","1448","2","O3","clang",6.037281
"372","3",372,"3.3","1024","1","O0","gcc",11.852910
"373","74",373,"74.3","724","4","O0","clang",0.898162
"374","21",374,"21.3","512","2","O1","gcc",0.166178
"375","9",375,"9.3","512","4","O0","gcc",0.279839
"376","46",376,"46.3","724","8","O2","gcc",0.324032
"377","108",377,"108.3","1448","4","O2","clang",3.635232
"378","110",378,"110.3","724","8","O2","clang",0.313314
"379","92",379,"92.3","1448","4","O1","clang",3.760420
"380","30",380,"30.3","724","8","O1","gcc",0.349055
"381","81",381,"81.3","512","1","O1","clang",0.304948
"382","29",382,"29.3","512","8","O1","gcc",0.099683
"383","11",383,"11.3","1024","4","O0","gcc",3.303089
"384","20",384,"20.3","1448","1","O1","gcc",11.969629
"385","70",385,"70.4","724","2","O0","clang",1.747042
"386","51",386,"51.4","1024","1","O3","gcc",3.848668
"387","83",387,"83.4","1024","1","O1","clang",4.030610
"388","54",388,"54.4","724","2","O3","gcc",0.470581
"389","28",389,"28.4","1448","4","O1","gcc",3.585127
"390","117",390,"117.4","512","2","O3","clang",0.164331
"391","106",391,"106.4","724","4","O2","clang",0.330441
"392","59",392,"59.4","1024","4","O3","gcc",1.205967
"393","39",393,"39.4","1024","2","O2","gcc",2.095002
"394","27",394,"27.4","1024","4","O1","gcc",1.194238
"395","10",395,"10.4","724","4","O0","gcc",1.009478
"396","78",396,"78.4","724","8","O0","clang",1.026888
"397","91",397,"91.4","1024","4","O1","clang",1.216007
"398","18",398,"18.4","724","1","O1","gcc",0.991646
"399","57",399,"57.4","512","4","O3","gcc",0.103524
"400","4",400,"4.4","1448","1","O0","gcc",34.305764
"401","29",401,"29.4","512","8","O1","gcc",0.113808
"402","101",402,"101.4","512","2","O2","clang",0.158977
"403","72",403,"72.4","1448","2","O0","clang",17.469461
"404","66",404,"66.4","724","1","O0","clang",3.455077
"405","64",405,"64.4","1448","8","O3","gcc",3.865097
"406","122",406,"122.4","724","4","O3","clang",0.334744
"407","43",407,"43.4","1024","4","O2","gcc",1.231805
"408","65",408,"65.4","512","1","O0","clang",1.089959
"409","16",409,"16.4","1448","8","O0","gcc",9.260693
"410","120",410,"120.4","1448","2","O3","clang",6.082717
"411","86",411,"86.4","724","2","O1","clang",0.506944
"412","82",412,"82.4","724","1","O1","clang",0.991623
"413","63",413,"63.4","1024","8","O3","gcc",1.251760
"414","2",414,"2.4","724","1","O0","gcc",3.454558
"415","104",415,"104.4","1448","2","O2","clang",6.081604
"416","77",416,"77.4","512","8","O0","clang",0.298710
"417","93",417,"93.4","512","8","O1","clang",0.102525
"418","88",418,"88.4","1448","2","O1","clang",6.278652
"419","52",419,"52.4","1448","1","O3","gcc",11.445771
"420","22",420,"22.4","724","2","O1","gcc",0.508377
"421","36",421,"36.4","1448","1","O2","gcc",11.450556
"422","42",422,"42.4","724","4","O2","gcc",0.311536
"423","123",423,"123.4","1024","4","O3","clang",1.209610
"424","98",424,"98.4","724","1","O2","clang",0.919979
"425","107",425,"107.4","1024","4","O2","clang",1.225312
"426","103",426,"103.4","1024","2","O2","clang",2.115218
"427","8",427,"8.4","1448","2","O0","gcc",17.472663
"428","68",428,"68.4","1448","1","O0","clang",34.287343
"429","121",429,"121.4","512","4","O3","clang",0.113687
"430","105",430,"105.4","512","4","O2","clang",0.097986
"431","53",431,"53.4","512","2","O3","gcc",0.143961
"432","20",432,"20.4","1448","1","O1","gcc",11.968843
"433","56",433,"56.4","1448","2","O3","gcc",6.074726
"434","89",434,"89.4","512","4","O1","clang",0.101026
"435","12",435,"12.4","1448","4","O0","gcc",9.391514
"436","44",436,"44.4","1448","4","O2","gcc",3.720155
"437","60",437,"60.4","1448","4","O3","gcc",3.806196
"438","95",438,"95.4","1024","8","O1","clang",1.298605
"439","97",439,"97.4","512","1","O2","clang",0.282770
"440","6",440,"6.4","724","2","O0","gcc",1.747323
"441","5",441,"5.4","512","2","O0","gcc",0.548686
"442","108",442,"108.4","1448","4","O2","clang",3.736851
"443","26",443,"26.4","724","4","O1","gcc",0.371240
"444","37",444,"37.4","512","2","O2","gcc",0.169388
"445","67",445,"67.4","1024","1","O0","clang",11.845119
"446","110",446,"110.4","724","8","O2","clang",0.312630
"447","74",447,"74.4","724","4","O0","clang",0.895746
"448","48",448,"48.4","1448","8","O2","gcc",3.909663
"449","118",449,"118.4","724","2","O3","clang",0.481926
"450","38",450,"38.4","724","2","O2","gcc",0.465967
"451","24",451,"24.4","1448","2","O1","gcc",6.329710
"452","69",452,"69.4","512","2","O0","clang",0.546605
"453","21",453,"21.4","512","2","O1","gcc",0.155810
"454","58",454,"58.4","724","4","O3","gcc",0.314666
"455","31",455,"31.4","1024","8","O1","gcc",1.246242
"456","15",456,"15.4","1024","8","O0","gcc",3.353816
"457","61",457,"61.4","512","8","O3","gcc",0.110943
"458","112",458,"112.4","1448","8","O2","clang",4.083338
"459","85",459,"85.4","512","2","O1","clang",0.180074
"460","73",460,"73.4","512","4","O0","clang",0.361337
"461","45",461,"45.4","512","8","O2","gcc",0.131222
"462","34",462,"34.4","724","1","O2","gcc",0.913381
"463","79",463,"79.4","1024","8","O0","clang",3.298908
"464","126",464,"126.4","724","8","O3","clang",0.324053
"465","113",465,"113.4","512","1","O3","clang",0.285059
"466","14",466,"14.4","724","8","O0","gcc",1.056357
"467","17",467,"17.4","512","1","O1","gcc",0.302311
"468","35",468,"35.4","1024","1","O2","gcc",3.848213
"469","94",469,"94.4","724","8","O1","clang",0.336865
"470","114",470,"114.4","724","1","O3","clang",0.914574
"471","9",471,"9.4","512","4","O0","gcc",0.317112
"472","62",472,"62.4","724","8","O3","gcc",0.312303
"473","40",473,"40.4","1448","2","O2","gcc",6.020695
"474","55",474,"55.4","1024","2","O3","gcc",2.075066
"475","102",475,"102.4","724","2","O2","clang",0.466143
"476","30",476,"30.4","724","8","O1","gcc",0.327867
"477","76",477,"76.4","1448","4","O0","clang",9.498938
"478","111",478,"111.4","1024","8","O2","clang",1.265188
"479","80",479,"80.4","1448","8","O0","clang",9.974936
"480","92",480,"92.4","1448","4","O1","clang",3.869563
"481","7",481,"7.4","1024","2","O0","gcc",6.319998
"482","75",482,"75.4","1024","4","O0","clang",3.335834
"483","46",483,"46.4","724","8","O2","gcc",0.351066
"484","32",484,"32.4","1448","8","O1","gcc",4.173408
"485","128",485,"128.4","1448","8","O3","clang",4.224990
"486","71",486,"71.4","1024","2","O0","clang",6.062408
"487","3",487,"3.4","1024","1","O0","gcc",11.850888
"488","119",488,"119.4","1024","2","O3","clang",2.098683
"489","47",489,"47.4","1024","8","O2","gcc",1.270667
"490","90",490,"90.4","724","4","O1","clang",0.338844
"491","41",491,"41.4","512","4","O2","gcc",0.102485
"492","127",492,"127.4","1024","8","O3","clang",1.213405
"493","125",493,"125.4","512","8","O3","clang",0.105991
"494","81",494,"81.4","512","1","O1","clang",0.304891
"495","116",495,"116.4","1448","1","O3","clang",11.447894
"496","100",496,"100.4","1448","1","O2","clang",11.447143
"497","115",497,"115.4","1024","1","O3","clang",3.850260
"498","50",498,"50.4","724","1","O3","gcc",0.918435
"499","87",499,"87.4","1024","2","O1","clang",2.197443
"500","99",500,"99.4","1024","1","O2","clang",3.846278
"501","109",501,"109.4","512","8","O2","clang",0.112793
"502","13",502,"13.4","512","8","O0","gcc",0.296682
"503","96",503,"96.4","1448","8","O1","clang",3.827874
"504","84",504,"84.4","1448","1","O1","clang",11.966239
"505","25",505,"25.4","512","4","O1","gcc",0.096901
"506","23",506,"23.4","1024","2","O1","gcc",2.180591
"507","19",507,"19.4","1024","1","O1","gcc",4.025487
"508","124",508,"124.4","1448","4","O3","clang",3.617978
"509","11",509,"11.4","1024","4","O0","gcc",3.052182
"510","49",510,"49.4","512","1","O3","gcc",0.286341
"511","33",511,"33.4","512","1","O2","gcc",0.284788
"512","1",512,"1.4","512","1","O0","gcc",1.086679
"513","30",513,"30.5","724","8","O1","gcc",0.333029
"514","111",514,"111.5","1024","8","O2","clang",1.196078
"515","2",515,"2.5","724","1","O0","gcc",3.445600
"516","101",516,"101.5","512","2","O2","clang",0.145519
"517","76",517,"76.5","1448","4","O0","clang",8.770459
"518","34",518,"34.5","724","1","O2","gcc",0.918231
"519","71",519,"71.5","1024","2","O0","clang",6.061183
"520","68",520,"68.5","1448","1","O0","clang",34.296170
"521","85",521,"85.5","512","2","O1","clang",0.153882
"522","25",522,"25.5","512","4","O1","gcc",0.103084
"523","120",523,"120.5","1448","2","O3","clang",6.034082
"524","22",524,"22.5","724","2","O1","gcc",0.507027
"525","42",525,"42.5","724","4","O2","gcc",0.313196
"526","123",526,"123.5","1024","4","O3","clang",1.202249
"527","104",527,"104.5","1448","2","O2","clang",5.998667
"528","15",528,"15.5","1024","8","O0","gcc",3.056525
"529","67",529,"67.5","1024","1","O0","clang",11.828579
"530","40",530,"40.5","1448","2","O2","gcc",6.079927
"531","88",531,"88.5","1448","2","O1","clang",6.346451
"532","126",532,"126.5","724","8","O3","clang",0.310849
"533","36",533,"36.5","1448","1","O2","gcc",11.449645
"534","74",534,"74.5","724","4","O0","clang",0.891366
"535","44",535,"44.5","1448","4","O2","gcc",3.704826
"536","31",536,"31.5","1024","8","O1","gcc",1.234221
"537","6",537,"6.5","724","2","O0","gcc",1.748971
"538","38",538,"38.5","724","2","O2","gcc",0.469108
"539","78",539,"78.5","724","8","O0","clang",0.953008
"540","82",540,"82.5","724","1","O1","clang",0.990119
"541","98",541,"98.5","724","1","O2","clang",0.915967
"542","63",542,"63.5","1024","8","O3","gcc",1.234004
"543","19",543,"19.5","1024","1","O1","gcc",4.028518
"544","54",544,"54.5","724","2","O3","gcc",0.470679
"545","52",545,"52.5","1448","1","O3","gcc",11.449910
"546","21",546,"21.5","512","2","O1","gcc",0.156954
"547","59",547,"59.5","1024","4","O3","gcc",1.212648
"548","97",548,"97.5","512","1","O2","clang",0.285381
"549","96",549,"96.5","1448","8","O1","clang",3.979815
"550","47",550,"47.5","1024","8","O2","gcc",1.240960
"551","3",551,"3.5","1024","1","O0","gcc",11.843689
"552","114",552,"114.5","724","1","O3","clang",0.919330
"553","95",553,"95.5","1024","8","O1","clang",1.292616
"554","110",554,"110.5","724","8","O2","clang",0.330107
"555","33",555,"33.5","512","1","O2","gcc",0.282712
"556","79",556,"79.5","1024","8","O0","clang",3.081032
"557","72",557,"72.5","1448","2","O0","clang",17.484387
"558","124",558,"124.5","1448","4","O3","clang",3.719714
"559","113",559,"113.5","512","1","O3","clang",0.284598
"560","73",560,"73.5","512","4","O0","clang",0.286605
"561","81",561,"81.5","512","1","O1","clang",0.308536
"562","18",562,"18.5","724","1","O1","gcc",0.992844
"563","29",563,"29.5","512","8","O1","gcc",0.118779
"564","92",564,"92.5","1448","4","O1","clang",3.495836
"565","12",565,"12.5","1448","4","O0","gcc",9.507537
"566","37",566,"37.5","512","2","O2","gcc",0.143352
"567","61",567,"61.5","512","8","O3","gcc",0.106696
"568","102",568,"102.5","724","2","O2","clang",0.494162
"569","122",569,"122.5","724","4","O3","clang",0.349443
"570","55",570,"55.5","1024","2","O3","gcc",2.090239
"571","109",571,"109.5","512","8","O2","clang",0.117318
"572","118",572,"118.5","724","2","O3","clang",0.477350
"573","64",573,"64.5","1448","8","O3","gcc",4.111470
"574","51",574,"51.5","1024","1","O3","gcc",3.846639
"575","53",575,"53.5","512","2","O3","gcc",0.146613
"576","86",576,"86.5","724","2","O1","clang",0.508164
"577","49",577,"49.5","512","1","O3","gcc",0.288267
"578","99",578,"99.5","1024","1","O2","clang",3.850745
"579","58",579,"58.5","724","4","O3","gcc",0.312884
"580","65",580,"65.5","512","1","O0","clang",1.087245
"581","105",581,"105.5","512","4","O2","clang",0.116529
"582","32",582,"32.5","1448","8","O1","gcc",3.919228
"583","87",583,"87.5","1024","2","O1","clang",2.156793
"584","10",584,"10.5","724","4","O0","gcc",0.954458
"585","103",585,"103.5","1024","2","O2","clang",2.076055
"586","27",586,"27.5","1024","4","O1","gcc",1.211626
"587","115",587,"115.5","1024","1","O3","clang",3.845719
"588","107",588,"107.5","1024","4","O2","clang",1.244805
"589","17",589,"17.5","512","1","O1","gcc",0.303064
"590","1",590,"1.5","512","1","O0","gcc",1.089257
"591","39",591,"39.5","1024","2","O2","gcc",2.067492
"592","20",592,"20.5","1448","1","O1","gcc",11.965569
"593","56",593,"56.5","1448","2","O3","gcc",6.108279
"594","70",594,"70.5","724","2","O0","clang",1.740272
"595","106",595,"106.5","724","4","O2","clang",0.318619
"596","84",596,"84.5","1448","1","O1","clang",11.965031
"597","119",597,"119.5","1024","2","O3","clang",2.076490
"598","48",598,"48.5","1448","8","O2","gcc",3.837254
"599","128",599,"128.5","1448","8","O3","clang",3.877892
"600","90",600,"90.5","724","4","O1","clang",0.351677
"601","50",601,"50.5","724","1","O3","gcc",0.916156
"602","41",602,"41.5","512","4","O2","gcc",0.095388
"603","69",603,"69.5","512","2","O0","clang",0.554672
"604","66",604,"66.5","724","1","O0","clang",3.448358
"605","83",605,"83.5","1024","1","O1","clang",4.028434
"606","35",606,"35.5","1024","1","O2","gcc",3.845677
"607","24",607,"24.5","1448","2","O1","gcc",6.406057
"608","60",608,"60.5","1448","4","O3","gcc",3.582271
"609","4",609,"4.5","1448","1","O0","gcc",34.301421
"610","26",610,"26.5","724","4","O1","gcc",0.315188
"611","127",611,"127.5","1024","8","O3","clang",1.207253
"612","91",612,"91.5","1024","4","O1","clang",1.191214
"613","93",613,"93.5","512","8","O1","clang",0.109491
"614","94",614,"94.5","724","8","O1","clang",0.318222
"615","23",615,"23.5","1024","2","O1","gcc",2.148772
"616","8",616,"8.5","1448","2","O0","gcc",17.492734
"617","112",617,"112.5","1448","8","O2","clang",3.922182
"618","45",618,"45.5","512","8","O2","gcc",0.117003
"619","116",619,"116.5","1448","1","O3","clang",11.442357
"620","14",620,"14.5","724","8","O0","gcc",0.897111
"621","43",621,"43.5","1024","4","O2","gcc",1.206251
"622","11",622,"11.5","1024","4","O0","gcc",3.044424
"623","125",623,"125.5","512","8","O3","clang",0.102727
"624","28",624,"28.5","1448","4","O1","gcc",3.615899
"625","13",625,"13.5","512","8","O0","gcc",0.368636
"626","77",626,"77.5","512","8","O0","clang",0.378432
"627","75",627,"75.5","1024","4","O0","clang",3.335286
"628","80",628,"80.5","1448","8","O0","clang",9.761990
"629","7",629,"7.5","1024","2","O0","gcc",6.066280
"630","16",630,"16.5","1448","8","O0","gcc",9.759119
"631","46",631,"46.5","724","8","O2","gcc",0.346596
"632","117",632,"117.5","512","2","O3","clang",0.163684
"633","62",633,"62.5","724","8","O3","gcc",0.336126
"634","5",634,"5.5","512","2","O0","gcc",0.545939
"635","100",635,"100.5","1448","1","O2","clang",11.450278
"636","57",636,"57.5","512","4","O3","gcc",0.128139
"637","121",637,"121.5","512","4","O3","clang",0.099832
"638","89",638,"89.5","512","4","O1","clang",0.099433
"639","9",639,"9.5","512","4","O0","gcc",0.280803
"640","108",640,"108.5","1448","4","O2","clang",3.549920
"641","2",641,"2.6","724","1","O0","gcc",3.446516
"642","84",642,"84.6","1448","1","O1","clang",11.965818
"643","126",643,"126.6","724","8","O3","clang",0.330418
"644","122",644,"122.6","724","4","O3","clang",0.314370
"645","21",645,"21.6","512","2","O1","gcc",0.154455
"646","85",646,"85.6","512","2","O1","clang",0.165635
"647","15",647,"15.6","1024","8","O0","gcc",3.105834
"648","38",648,"38.6","724","2","O2","gcc",0.467976
"649","78",649,"78.6","724","8","O0","clang",0.924064
"650","24",650,"24.6","1448","2","O1","gcc",6.315857
"651","121",651,"121.6","512","4","O3","clang",0.099023
"652","114",652,"114.6","724","1","O3","clang",0.916616
"653","100",653,"100.6","1448","1","O2","clang",11.454732
"654","48",654,"48.6","1448","8","O2","gcc",4.050929
"655","57",655,"57.6","512","4","O3","gcc",0.095238
"656","11",656,"11.6","1024","4","O0","gcc",3.112285
"657","103",657,"103.6","1024","2","O2","clang",2.078680
"658","26",658,"26.6","724","4","O1","gcc",0.314253
"659","79",659,"79.6","1024","8","O0","clang",3.303446
"660","54",660,"54.6","724","2","O3","gcc",0.466366
"661","93",661,"93.6","512","8","O1","clang",0.112038
"662","115",662,"115.6","1024","1","O3","clang",3.848094
"663","33",663,"33.6","512","1","O2","gcc",0.282643
"664","55",664,"55.6","1024","2","O3","gcc",2.082989
"665","117",665,"117.6","512","2","O3","clang",0.143969
"666","20",666,"20.6","1448","1","O1","gcc",11.966914
"667","5",667,"5.6","512","2","O0","gcc",0.548731
"668","42",668,"42.6","724","4","O2","gcc",0.317846
"669","104",669,"104.6","1448","2","O2","clang",6.030957
"670","116",670,"116.6","1448","1","O3","clang",11.451528
"671","88",671,"88.6","1448","2","O1","clang",6.291385
"672","113",672,"113.6","512","1","O3","clang",0.286476
"673","13",673,"13.6","512","8","O0","gcc",0.288228
"674","128",674,"128.6","1448","8","O3","clang",3.865540
"675","105",675,"105.6","512","4","O2","clang",0.098540
"676","106",676,"106.6","724","4","O2","clang",0.313429
"677","63",677,"63.6","1024","8","O3","gcc",1.244304
"678","34",678,"34.6","724","1","O2","gcc",0.917206
"679","4",679,"4.6","1448","1","O0","gcc",34.297337
"680","28",680,"28.6","1448","4","O1","gcc",3.524533
"681","58",681,"58.6","724","4","O3","gcc",0.326814
"682","72",682,"72.6","1448","2","O0","clang",17.469774
"683","64",683,"64.6","1448","8","O3","gcc",3.764727
"684","96",684,"96.6","1448","8","O1","clang",3.968388
"685","119",685,"119.6","1024","2","O3","clang",2.085059
"686","12",686,"12.6","1448","4","O0","gcc",9.142857
"687","71",687,"71.6","1024","2","O0","clang",6.061648
"688","14",688,"14.6","724","8","O0","gcc",0.957470
"689","22",689,"22.6","724","2","O1","gcc",0.511735
"690","51",690,"51.6","1024","1","O3","gcc",3.845912
"691","45",691,"45.6","512","8","O2","gcc",0.103787
"692","92",692,"92.6","1448","4","O1","clang",3.527311
"693","80",693,"80.6","1448","8","O0","clang",9.515477
"694","40",694,"40.6","1448","2","O2","gcc",6.164403
"695","25",695,"25.6","512","4","O1","gcc",0.101544
"696","81",696,"81.6","512","1","O1","clang",0.305411
"697","1",697,"1.6","512","1","O0","gcc",1.088623
"698","107",698,"107.6","1024","4","O2","clang",1.203240
"699","111",699,"111.6","1024","8","O2","clang",1.319669
"700","97",700,"97.6","512","1","O2","clang",0.286052
"701","123",701,"123.6","1024","4","O3","clang",1.208829
"702","76",702,"76.6","1448","4","O0","clang",9.806970
"703","69",703,"69.6","512","2","O0","clang",0.546130
"704","83",704,"83.6","1024","1","O1","clang",4.023771
"705","37",705,"37.6","512","2","O2","gcc",0.146375
"706","102",706,"102.6","724","2","O2","clang",0.467679
"707","9",707,"9.6","512","4","O0","gcc",0.277165
"708","60",708,"60.6","1448","4","O3","gcc",3.607398
"709","62",709,"62.6","724","8","O3","gcc",0.343907
"710","73",710,"73.6","512","4","O0","clang",0.368885
"711","77",711,"77.6","512","8","O0","clang",0.370120
"712","125",712,"125.6","512","8","O3","clang",0.105051
"713","120",713,"120.6","1448","2","O3","clang",6.127841
"714","61",714,"61.6","512","8","O3","gcc",0.108518
"715","66",715,"66.6","724","1","O0","clang",3.446484
"716","91",716,"91.6","1024","4","O1","clang",1.240616
"717","112",717,"112.6","1448","8","O2","clang",3.777473
"718","23",718,"23.6","1024","2","O1","gcc",2.150889
"719","87",719,"87.6","1024","2","O1","clang",2.181711
"720","7",720,"7.6","1024","2","O0","gcc",6.072475
"721","35",721,"35.6","1024","1","O2","gcc",3.845966
"722","3",722,"3.6","1024","1","O0","gcc",11.849754
"723","31",723,"31.6","1024","8","O1","gcc",1.234561
"724","6",724,"6.6","724","2","O0","gcc",1.744047
"725","86",725,"86.6","724","2","O1","clang",0.507213
"726","95",726,"95.6","1024","8","O1","clang",1.230134
"727","70",727,"70.6","724","2","O0","clang",1.738522
"728","89",728,"89.6","512","4","O1","clang",0.114628
"729","53",729,"53.6","512","2","O3","gcc",0.144177
"730","90",730,"90.6","724","4","O1","clang",0.315457
"731","47",731,"47.6","1024","8","O2","gcc",1.227169
"732","124",732,"124.6","1448","4","O3","clang",3.676153
"733","59",733,"59.6","1024","4","O3","gcc",1.316632
"734","36",734,"36.6","1448","1","O2","gcc",11.452512
"735","8",735,"8.6","1448","2","O0","gcc",17.480712
"736","39",736,"39.6","1024","2","O2","gcc",2.101988
"737","82",737,"82.6","724","1","O1","clang",0.991545
"738","41",738,"41.6","512","4","O2","gcc",0.097234
"739","74",739,"74.6","724","4","O0","clang",0.896953
"740","99",740,"99.6","1024","1","O2","clang",3.847200
"741","46",741,"46.6","724","8","O2","gcc",0.308066
"742","65",742,"65.6","512","1","O0","clang",1.091332
"743","17",743,"17.6","512","1","O1","gcc",0.304108
"744","49",744,"49.6","512","1","O3","gcc",0.282917
"745","19",745,"19.6","1024","1","O1","gcc",4.031565
"746","18",746,"18.6","724","1","O1","gcc",0.992080
"747","27",747,"27.6","1024","4","O1","gcc",1.189409
"748","16",748,"16.6","1448","8","O0","gcc",9.191387
"749","29",749,"29.6","512","8","O1","gcc",0.112778
"750","30",750,"30.6","724","8","O1","gcc",0.319983
"751","32",751,"32.6","1448","8","O1","gcc",3.952408
"752","67",752,"67.6","1024","1","O0","clang",11.851079
"753","56",753,"56.6","1448","2","O3","gcc",6.100585
"754","43",754,"43.6","1024","4","O2","gcc",1.203983
"755","52",755,"52.6","1448","1","O3","gcc",11.449128
"756","75",756,"75.6","1024","4","O0","clang",3.041982
"757","108",757,"108.6","1448","4","O2","clang",3.629218
"758","127",758,"127.6","1024","8","O3","clang",1.240808
"759","98",759,"98.6","724","1","O2","clang",0.913331
"760","101",760,"101.6","512","2","O2","clang",0.148257
"761","44",761,"44.6","1448","4","O2","gcc",3.635653
"762","50",762,"50.6","724","1","O3","gcc",0.917119
"763","68",763,"68.6","1448","1","O0","clang",34.286886
"764","109",764,"109.6","512","8","O2","clang",0.099455
"765","10",765,"10.6","724","4","O0","gcc",0.921347
"766","118",766,"118.6","724","2","O3","clang",0.478966
"767","94",767,"94.6","724","8","O1","clang",0.326613
"768","110",768,"110.6","724","8","O2","clang",0.323212
"769","26",769,"26.7","724","4","O1","gcc",0.322253
"770","18",770,"18.7","724","1","O1","gcc",0.990376
"771","2",771,"2.7","724","1","O0","gcc",3.445910
"772","58",772,"58.7","724","4","O3","gcc",0.312675
"773","86",773,"86.7","724","2","O1","clang",0.512209
"774","69",774,"69.7","512","2","O0","clang",0.550675
"775","34",775,"34.7","724","1","O2","gcc",0.915241
"776","28",776,"28.7","1448","4","O1","gcc",3.736457
"777","96",777,"96.7","1448","8","O1","clang",3.795842
"778","125",778,"125.7","512","8","O3","clang",0.096612
"779","48",779,"48.7","1448","8","O2","gcc",3.897720
"780","4",780,"4.7","1448","1","O0","gcc",34.288939
"781","104",781,"104.7","1448","2","O2","clang",6.098362
"782","1",782,"1.7","512","1","O0","gcc",1.086374
"783","113",783,"113.7","512","1","O3","clang",0.288269
"784","3",784,"3.7","1024","1","O0","gcc",11.837341
"785","76",785,"76.7","1448","4","O0","clang",8.685905
"786","81",786,"81.7","512","1","O1","clang",0.306370
"787","92",787,"92.7","1448","4","O1","clang",3.802007
"788","101",788,"101.7","512","2","O2","clang",0.157220
"789","89",789,"89.7","512","4","O1","clang",0.104120
"790","17",790,"17.7","512","1","O1","gcc",0.305614
"791","98",791,"98.7","724","1","O2","clang",0.915119
"792","128",792,"128.7","1448","8","O3","clang",3.945334
"793","52",793,"52.7","1448","1","O3","gcc",11.446525
"794","50",794,"50.7","724","1","O3","gcc",0.916607
"795","16",795,"16.7","1448","8","O0","gcc",9.201216
"796","118",796,"118.7","724","2","O3","clang",0.475612
"797","32",797,"32.7","1448","8","O1","gcc",4.008155
"798","106",798,"106.7","724","4","O2","clang",0.369592
"799","27",799,"27.7","1024","4","O1","gcc",1.299646
"800","10",800,"10.7","724","4","O0","gcc",1.103516
"801","9",801,"9.7","512","4","O0","gcc",0.348348
"802","6",802,"6.7","724","2","O0","gcc",1.917282
"803","63",803,"63.7","1024","8","O3","gcc",1.243421
"804","124",804,"124.7","1448","4","O3","clang",3.806683
"805","61",805,"61.7","512","8","O3","gcc",0.121130
"806","57",806,"57.7","512","4","O3","gcc",0.115129
"807","85",807,"85.7","512","2","O1","clang",0.192450
"808","38",808,"38.7","724","2","O2","gcc",0.511633
"809","43",809,"43.7","1024","4","O2","gcc",1.292771
"810","71",810,"71.7","1024","2","O0","clang",6.070185
"811","123",811,"123.7","1024","4","O3","clang",1.252378
"812","64",812,"64.7","1448","8","O3","gcc",4.104040
"813","126",813,"126.7","724","8","O3","clang",0.374534
"814","51",814,"51.7","1024","1","O3","gcc",3.845037
"815","40",815,"40.7","1448","2","O2","gcc",6.161159
"816","62",816,"62.7","724","8","O3","gcc",0.315037
"817","82",817,"82.7","724","1","O1","clang",0.990416
"818","90",818,"90.7","724","4","O1","clang",0.317704
"819","19",819,"19.7","1024","1","O1","gcc",4.023484
"820","93",820,"93.7","512","8","O1","clang",0.104962
"821","11",821,"11.7","1024","4","O0","gcc",3.065695
"822","108",822,"108.7","1448","4","O2","clang",3.743208
"823","42",823,"42.7","724","4","O2","gcc",0.357793
"824","72",824,"72.7","1448","2","O0","clang",17.798446
"825","25",825,"25.7","512","4","O1","gcc",0.099011
"826","83",826,"83.7","1024","1","O1","clang",4.024711
"827","30",827,"30.7","724","8","O1","gcc",0.334224
"828","36",828,"36.7","1448","1","O2","gcc",11.454061
"829","70",829,"70.7","724","2","O0","clang",1.744546
"830","117",830,"117.7","512","2","O3","clang",0.145220
"831","49",831,"49.7","512","1","O3","gcc",0.284679
"832","115",832,"115.7","1024","1","O3","clang",3.849090
"833","68",833,"68.7","1448","1","O0","clang",34.228079
"834","105",834,"105.7","512","4","O2","clang",0.119107
"835","47",835,"47.7","1024","8","O2","gcc",1.233157
"836","22",836,"22.7","724","2","O1","gcc",0.516468
"837","60",837,"60.7","1448","4","O3","gcc",3.607496
"838","107",838,"107.7","1024","4","O2","clang",1.203089
"839","45",839,"45.7","512","8","O2","gcc",0.098443
"840","78",840,"78.7","724","8","O0","clang",0.918027
"841","5",841,"5.7","512","2","O0","gcc",0.590545
"842","67",842,"67.7","1024","1","O0","clang",11.846647
"843","37",843,"37.7","512","2","O2","gcc",0.146265
"844","24",844,"24.7","1448","2","O1","gcc",6.380883
"845","56",845,"56.7","1448","2","O3","gcc",6.088415
"846","114",846,"114.7","724","1","O3","clang",0.916000
"847","23",847,"23.7","1024","2","O1","gcc",2.186757
"848","88",848,"88.7","1448","2","O1","clang",6.380079
"849","99",849,"99.7","1024","1","O2","clang",3.847758
"850","116",850,"116.7","1448","1","O3","clang",11.451945
"851","41",851,"41.7","512","4","O2","gcc",0.099915
"852","84",852,"84.7","1448","1","O1","clang",11.963689
"853","13",853,"13.7","512","8","O0","gcc",0.313567
"854","73",854,"73.7","512","4","O0","clang",0.290451
"855","12",855,"12.7","1448","4","O0","gcc",9.263466
"856","122",856,"122.7","724","4","O3","clang",0.320058
"857","87",857,"87.7","1024","2","O1","clang",2.178056
"858","77",858,"77.7","512","8","O0","clang",0.325916
"859","119",859,"119.7","1024","2","O3","clang",2.067341
"860","21",860,"21.7","512","2","O1","gcc",0.153961
"861","91",861,"91.7","1024","4","O1","clang",1.204613
"862","59",862,"59.7","1024","4","O3","gcc",1.219874
"863","97",863,"97.7","512","1","O2","clang",0.282471
"864","110",864,"110.7","724","8","O2","clang",0.319288
"865","8",865,"8.7","1448","2","O0","gcc",17.483378
"866","111",866,"111.7","1024","8","O2","clang",1.234258
"867","29",867,"29.7","512","8","O1","gcc",0.105938
"868","120",868,"120.7","1448","2","O3","clang",6.049066
"869","20",869,"20.7","1448","1","O1","gcc",11.967229
"870","14",870,"14.7","724","8","O0","gcc",0.901605
"871","112",871,"112.7","1448","8","O2","clang",3.868377
"872","79",872,"79.7","1024","8","O0","clang",3.131932
"873","44",873,"44.7","1448","4","O2","gcc",3.616710
"874","80",874,"80.7","1448","8","O0","clang",9.683733
"875","35",875,"35.7","1024","1","O2","gcc",3.847947
"876","100",876,"100.7","1448","1","O2","clang",11.447864
"877","7",877,"7.7","1024","2","O0","gcc",6.056617
"878","15",878,"15.7","1024","8","O0","gcc",3.060240
"879","39",879,"39.7","1024","2","O2","gcc",2.090403
"880","127",880,"127.7","1024","8","O3","clang",1.223890
"881","94",881,"94.7","724","8","O1","clang",0.327423
"882","54",882,"54.7","724","2","O3","gcc",0.474435
"883","66",883,"66.7","724","1","O0","clang",3.443042
"884","121",884,"121.7","512","4","O3","clang",0.096054
"885","33",885,"33.7","512","1","O2","gcc",0.287550
"886","31",886,"31.7","1024","8","O1","gcc",1.248227
"887","75",887,"75.7","1024","4","O0","clang",3.068571
"888","103",888,"103.7","1024","2","O2","clang",2.092875
"889","65",889,"65.7","512","1","O0","clang",1.087846
"890","95",890,"95.7","1024","8","O1","clang",1.251656
"891","74",891,"74.7","724","4","O0","clang",0.918918
"892","46",892,"46.7","724","8","O2","gcc",0.317734
"893","109",893,"109.7","512","8","O2","clang",0.108206
"894","102",894,"102.7","724","2","O2","clang",0.482199
"895","53",895,"53.7","512","2","O3","gcc",0.151774
"896","55",896,"55.7","1024","2","O3","gcc",2.081738
"897","107",897,"107.8","1024","4","O2","clang",1.212996
"898","6",898,"6.8","724","2","O0","gcc",1.891833
"899","113",899,"113.8","512","1","O3","clang",0.283026
"900","48",900,"48.8","1448","8","O2","gcc",3.913216
"901","20",901,"20.8","1448","1","O1","gcc",11.961495
"902","80",902,"80.8","1448","8","O0","clang",9.283650
"903","16",903,"16.8","1448","8","O0","gcc",9.836325
"904","63",904,"63.8","1024","8","O3","gcc",1.248880
"905","76",905,"76.8","1448","4","O0","clang",10.101667
"906","35",906,"35.8","1024","1","O2","gcc",3.844242
"907","15",907,"15.8","1024","8","O0","gcc",3.148381
"908","65",908,"65.8","512","1","O0","clang",1.091641
"909","79",909,"79.8","1024","8","O0","clang",3.196257
"910","75",910,"75.8","1024","4","O0","clang",3.323587
"911","84",911,"84.8","1448","1","O1","clang",11.970594
"912","51",912,"51.8","1024","1","O3","gcc",3.849166
"913","42",913,"42.8","724","4","O2","gcc",0.326778
"914","68",914,"68.8","1448","1","O0","clang",34.212926
"915","27",915,"27.8","1024","4","O1","gcc",1.246995
"916","78",916,"78.8","724","8","O0","clang",0.897926
"917","30",917,"30.8","724","8","O1","gcc",0.322692
"918","100",918,"100.8","1448","1","O2","clang",11.455363
"919","95",919,"95.8","1024","8","O1","clang",1.307596
"920","12",920,"12.8","1448","4","O0","gcc",8.578278
"921","97",921,"97.8","512","1","O2","clang",0.288374
"922","67",922,"67.8","1024","1","O0","clang",11.834723
"923","87",923,"87.8","1024","2","O1","clang",2.185638
"924","22",924,"22.8","724","2","O1","gcc",0.508684
"925","36",925,"36.8","1448","1","O2","gcc",11.448187
"926","25",926,"25.8","512","4","O1","gcc",0.098958
"927","122",927,"122.8","724","4","O3","clang",0.313876
"928","71",928,"71.8","1024","2","O0","clang",6.066221
"929","109",929,"109.8","512","8","O2","clang",0.101718
"930","61",930,"61.8","512","8","O3","gcc",0.101719
"931","118",931,"118.8","724","2","O3","clang",0.477974
"932","24",932,"24.8","1448","2","O1","gcc",6.380502
"933","10",933,"10.8","724","4","O0","gcc",0.894744
"934","86",934,"86.8","724","2","O1","clang",0.516050
"935","32",935,"32.8","1448","8","O1","gcc",3.925394
"936","102",936,"102.8","724","2","O2","clang",0.476983
"937","23",937,"23.8","1024","2","O1","gcc",2.156107
"938","37",938,"37.8","512","2","O2","gcc",0.143770
"939","101",939,"101.8","512","2","O2","clang",0.146752
"940","77",940,"77.8","512","8","O0","clang",0.337084
"941","70",941,"70.8","724","2","O0","clang",1.801543
"942","93",942,"93.8","512","8","O1","clang",0.105972
"943","125",943,"125.8","512","8","O3","clang",0.102921
"944","50",944,"50.8","724","1","O3","gcc",0.914453
"945","60",945,"60.8","1448","4","O3","gcc",3.616928
"946","49",946,"49.8","512","1","O3","gcc",0.287750
"947","112",947,"112.8","1448","8","O2","clang",4.067875
"948","114",948,"114.8","724","1","O3","clang",0.918235
"949","41",949,"41.8","512","4","O2","gcc",0.101668
"950","64",950,"64.8","1448","8","O3","gcc",3.834930
"951","53",951,"53.8","512","2","O3","gcc",0.168052
"952","126",952,"126.8","724","8","O3","clang",0.320519
"953","116",953,"116.8","1448","1","O3","clang",11.445675
"954","104",954,"104.8","1448","2","O2","clang",6.046359
"955","3",955,"3.8","1024","1","O0","gcc",11.845502
"956","43",956,"43.8","1024","4","O2","gcc",1.237425
"957","74",957,"74.8","724","4","O0","clang",0.916750
"958","124",958,"124.8","1448","4","O3","clang",3.657613
"959","123",959,"123.8","1024","4","O3","clang",1.236550
"960","29",960,"29.8","512","8","O1","gcc",0.107666
"961","106",961,"106.8","724","4","O2","clang",0.323374
"962","13",962,"13.8","512","8","O0","gcc",0.358589
"963","85",963,"85.8","512","2","O1","clang",0.166415
"964","8",964,"8.8","1448","2","O0","gcc",17.468844
"965","34",965,"34.8","724","1","O2","gcc",0.914133
"966","121",966,"121.8","512","4","O3","clang",0.125848
"967","9",967,"9.8","512","4","O0","gcc",0.302569
"968","105",968,"105.8","512","4","O2","clang",0.103515
"969","73",969,"73.8","512","4","O0","clang",0.294377
"970","83",970,"83.8","1024","1","O1","clang",4.022321
"971","98",971,"98.8","724","1","O2","clang",0.916122
"972","38",972,"38.8","724","2","O2","gcc",0.468276
"973","52",973,"52.8","1448","1","O3","gcc",11.442906
"974","91",974,"91.8","1024","4","O1","clang",1.202286
"975","44",975,"44.8","1448","4","O2","gcc",3.608166
"976","92",976,"92.8","1448","4","O1","clang",3.626152
"977","88",977,"88.8","1448","2","O1","clang",6.283630
"978","110",978,"110.8","724","8","O2","clang",0.312294
"979","2",979,"2.8","724","1","O0","gcc",3.450351
"980","72",980,"72.8","1448","2","O0","clang",17.489476
"981","111",981,"111.8","1024","8","O2","clang",1.239412
"982","54",982,"54.8","724","2","O3","gcc",0.487730
"983","96",983,"96.8","1448","8","O1","clang",4.059554
"984","69",984,"69.8","512","2","O0","clang",0.690161
"985","55",985,"55.8","1024","2","O3","gcc",2.090859
"986","14",986,"14.8","724","8","O0","gcc",1.033652
"987","18",987,"18.8","724","1","O1","gcc",0.989454
"988","31",988,"31.8","1024","8","O1","gcc",1.222059
"989","21",989,"21.8","512","2","O1","gcc",0.168742
"990","1",990,"1.8","512","1","O0","gcc",1.086659
"991","66",991,"66.8","724","1","O0","clang",3.445963
"992","81",992,"81.8","512","1","O1","clang",0.303154
"993","40",993,"40.8","1448","2","O2","gcc",6.091011
"994","47",994,"47.8","1024","8","O2","gcc",1.235639
"995","99",995,"99.8","1024","1","O2","clang",3.846828
"996","19",996,"19.8","1024","1","O1","gcc",4.027308
"997","5",997,"5.8","512","2","O0","gcc",0.546015
"998","33",998,"33.8","512","1","O2","gcc",0.287021
"999","4",999,"4.8","1448","1","O0","gcc",34.299525
"1000","57",1000,"57.8","512","4","O3","gcc",0.096165
"1001","45",1001,"45.8","512","8","O2","gcc",0.107093
"1002","89",1002,"89.8","512","4","O1","clang",0.101190
"1003","58",1003,"58.8","724","4","O3","gcc",0.316326
"1004","59",1004,"59.8","1024","4","O3","gcc",1.212932
"1005","46",1005,"46.8","724","8","O2","gcc",0.310243
"1006","94",1006,"94.8","724","8","O1","clang",0.318677
"1007","7",1007,"7.8","1024","2","O0","gcc",6.066314
"1008","103",1008,"103.8","1024","2","O2","clang",2.091763
"1009","11",1009,"11.8","1024","4","O0","gcc",3.043721
"1010","115",1010,"115.8","1024","1","O3","clang",3.849589
"1011","117",1011,"117.8","512","2","O3","clang",0.144469
"1012","90",1012,"90.8","724","4","O1","clang",0.314530
"1013","26",1013,"26.8","724","4","O1","gcc",0.328652
"1014","17",1014,"17.8","512","1","O1","gcc",0.305793
"1015","128",1015,"128.8","1448","8","O3","clang",3.912199
"1016","119",1016,"119.8","1024","2","O3","clang",2.073125
"1017","56",1017,"56.8","1448","2","O3","gcc",6.122474
"1018","28",1018,"28.8","1448","4","O1","gcc",3.751014
"1019","108",1019,"108.8","1448","4","O2","clang",3.813771
"1020","127",1020,"127.8","1024","8","O3","clang",1.323170
"1021","120",1021,"120.8","1448","2","O3","clang",6.082390
"1022","62",1022,"62.8","724","8","O3","gcc",0.326955
"1023","82",1023,"82.8","724","1","O1","clang",0.995949
"1024","39",1024,"39.8","1024","2","O2","gcc",2.098686
"1025","105",1025,"105.9","512","4","O2","clang",0.098128
"1026","74",1026,"74.9","724","4","O0","clang",0.985422
"1027","91",1027,"91.9","1024","4","O1","clang",1.261493
"1028","83",1028,"83.9","1024","1","O1","clang",4.025155
"1029","44",1029,"44.9","1448","4","O2","gcc",3.684406
"1030","45",1030,"45.9","512","8","O2","gcc",0.107424
"1031","109",1031,"109.9","512","8","O2","clang",0.105090
"1032","51",1032,"51.9","1024","1","O3","gcc",3.845993
"1033","41",1033,"41.9","512","4","O2","gcc",0.095349
"1034","88",1034,"88.9","1448","2","O1","clang",6.324814
"1035","124",1035,"124.9","1448","4","O3","clang",3.686423
"1036","11",1036,"11.9","1024","4","O0","gcc",3.398112
"1037","61",1037,"61.9","512","8","O3","gcc",0.103549
"1038","80",1038,"80.9","1448","8","O0","clang",10.009819
"1039","50",1039,"50.9","724","1","O3","gcc",0.915345
"1040","40",1040,"40.9","1448","2","O2","gcc",6.070532
"1041","85",1041,"85.9","512","2","O1","clang",0.155820
"1042","84",1042,"84.9","1448","1","O1","clang",11.967063
"1043","19",1043,"19.9","1024","1","O1","gcc",4.026737
"1044","20",1044,"20.9","1448","1","O1","gcc",11.964981
"1045","57",1045,"57.9","512","4","O3","gcc",0.099443
"1046","102",1046,"102.9","724","2","O2","clang",0.466536
"1047","29",1047,"29.9","512","8","O1","gcc",0.112169
"1048","3",1048,"3.9","1024","1","O0","gcc",11.852660
"1049","31",1049,"31.9","1024","8","O1","gcc",1.261050
"1050","14",1050,"14.9","724","8","O0","gcc",0.901214
"1051","43",1051,"43.9","1024","4","O2","gcc",1.261503
"1052","82",1052,"82.9","724","1","O1","clang",0.988883
"1053","62",1053,"62.9","724","8","O3","gcc",0.310224
"1054","54",1054,"54.9","724","2","O3","gcc",0.467468
"1055","5",1055,"5.9","512","2","O0","gcc",0.546028
"1056","17",1056,"17.9","512","1","O1","gcc",0.306366
"1057","72",1057,"72.9","1448","2","O0","clang",17.468401
"1058","39",1058,"39.9","1024","2","O2","gcc",2.094672
"1059","71",1059,"71.9","1024","2","O0","clang",6.060998
"1060","107",1060,"107.9","1024","4","O2","clang",1.233674
"1061","23",1061,"23.9","1024","2","O1","gcc",2.160354
"1062","12",1062,"12.9","1448","4","O0","gcc",9.759399
"1063","70",1063,"70.9","724","2","O0","clang",1.736673
"1064","25",1064,"25.9","512","4","O1","gcc",0.114652
"1065","52",1065,"52.9","1448","1","O3","gcc",11.448236
"1066","58",1066,"58.9","724","4","O3","gcc",0.334532
"1067","125",1067,"125.9","512","8","O3","clang",0.100737
"1068","90",1068,"90.9","724","4","O1","clang",0.333056
"1069","73",1069,"73.9","512","4","O0","clang",0.279035
"1070","10",1070,"10.9","724","4","O0","gcc",0.909408
"1071","89",1071,"89.9","512","4","O1","clang",0.101158
"1072","97",1072,"97.9","512","1","O2","clang",0.284380
"1073","128",1073,"128.9","1448","8","O3","clang",3.803444
"1074","126",1074,"126.9","724","8","O3","clang",0.320528
"1075","35",1075,"35.9","1024","1","O2","gcc",3.848254
"1076","18",1076,"18.9","724","1","O1","gcc",0.989814
"1077","15",1077,"15.9","1024","8","O0","gcc",3.052190
"1078","95",1078,"95.9","1024","8","O1","clang",1.284718
"1079","81",1079,"81.9","512","1","O1","clang",0.302407
"1080","9",1080,"9.9","512","4","O0","gcc",0.283612
"1081","60",1081,"60.9","1448","4","O3","gcc",3.813227
"1082","55",1082,"55.9","1024","2","O3","gcc",2.089710
"1083","13",1083,"13.9","512","8","O0","gcc",0.335256
"1084","111",1084,"111.9","1024","8","O2","clang",1.281869
"1085","114",1085,"114.9","724","1","O3","clang",0.917796
"1086","69",1086,"69.9","512","2","O0","clang",0.546440
"1087","34",1087,"34.9","724","1","O2","gcc",0.913607
"1088","63",1088,"63.9","1024","8","O3","gcc",1.213789
"1089","75",1089,"75.9","1024","4","O0","clang",3.220101
"1090","94",1090,"94.9","724","8","O1","clang",0.332492
"1091","49",1091,"49.9","512","1","O3","gcc",0.286392
"1092","116",1092,"116.9","1448","1","O3","clang",11.452955
"1093","122",1093,"122.9","724","4","O3","clang",0.317003
"1094","112",1094,"112.9","1448","8","O2","clang",3.862741
"1095","117",1095,"117.9","512","2","O3","clang",0.144693
"1096","67",1096,"67.9","1024","1","O0","clang",11.849344
"1097","108",1097,"108.9","1448","4","O2","clang",3.561881
"1098","120",1098,"120.9","1448","2","O3","clang",6.168600
"1099","103",1099,"103.9","1024","2","O2","clang",2.088143
"1100","59",1100,"59.9","1024","4","O3","gcc",1.210269
"1101","32",1101,"32.9","1448","8","O1","gcc",4.055017
"1102","127",1102,"127.9","1024","8","O3","clang",1.308972
"1103","121",1103,"121.9","512","4","O3","clang",0.099742
"1104","16",1104,"16.9","1448","8","O0","gcc",9.682758
"1105","68",1105,"68.9","1448","1","O0","clang",34.282615
"1106","79",1106,"79.9","1024","8","O0","clang",3.041909
"1107","66",1107,"66.9","724","1","O0","clang",3.444957
"1108","100",1108,"100.9","1448","1","O2","clang",11.452297
"1109","33",1109,"33.9","512","1","O2","gcc",0.286624
"1110","48",1110,"48.9","1448","8","O2","gcc",3.888100
"1111","86",1111,"86.9","724","2","O1","clang",0.506184
"1112","36",1112,"36.9","1448","1","O2","gcc",11.447105
"1113","118",1113,"118.9","724","2","O3","clang",0.467244
"1114","46",1114,"46.9","724","8","O2","gcc",0.338791
"1115","47",1115,"47.9","1024","8","O2","gcc",1.251287
"1116","110",1116,"110.9","724","8","O2","clang",0.325030
"1117","53",1117,"53.9","512","2","O3","gcc",0.145716
"1118","65",1118,"65.9","512","1","O0","clang",1.089167
"1119","101",1119,"101.9","512","2","O2","clang",0.143905
"1120","78",1120,"78.9","724","8","O0","clang",0.906543
"1121","7",1121,"7.9","1024","2","O0","gcc",6.065695
"1122","99",1122,"99.9","1024","1","O2","clang",3.847931
"1123","123",1123,"123.9","1024","4","O3","clang",1.211513
"1124","26",1124,"26.9","724","4","O1","gcc",0.331879
"1125","87",1125,"87.9","1024","2","O1","clang",2.178730
"1126","37",1126,"37.9","512","2","O2","gcc",0.145018
"1127","22",1127,"22.9","724","2","O1","gcc",0.507115
"1128","42",1128,"42.9","724","4","O2","gcc",0.313754
"1129","96",1129,"96.9","1448","8","O1","clang",3.948598
"1130","38",1130,"38.9","724","2","O2","gcc",0.469317
"1131","106",1131,"106.9","724","4","O2","clang",0.347444
"1132","56",1132,"56.9","1448","2","O3","gcc",6.111778
"1133","8",1133,"8.9","1448","2","O0","gcc",17.496392
"1134","119",1134,"119.9","1024","2","O3","clang",2.078440
"1135","6",1135,"6.9","724","2","O0","gcc",1.741014
"1136","93",1136,"93.9","512","8","O1","clang",0.123629
"1137","27",1137,"27.9","1024","4","O1","gcc",1.189920
"1138","76",1138,"76.9","1448","4","O0","clang",9.896235
"1139","21",1139,"21.9","512","2","O1","gcc",0.171320
"1140","104",1140,"104.9","1448","2","O2","clang",6.039032
"1141","1",1141,"1.9","512","1","O0","gcc",1.086488
"1142","92",1142,"92.9","1448","4","O1","clang",3.734489
"1143","113",1143,"113.9","512","1","O3","clang",0.283011
"1144","4",1144,"4.9","1448","1","O0","gcc",34.304533
"1145","115",1145,"115.9","1024","1","O3","clang",3.847929
"1146","30",1146,"30.9","724","8","O1","gcc",0.335491
"1147","64",1147,"64.9","1448","8","O3","gcc",3.871425
"1148","28",1148,"28.9","1448","4","O1","gcc",3.525422
"1149","2",1149,"2.9","724","1","O0","gcc",3.449911
"1150","77",1150,"77.9","512","8","O0","clang",0.293433
"1151","24",1151,"24.9","1448","2","O1","gcc",6.387505
"1152","98",1152,"98.9","724","1","O2","clang",0.915469
"1153","103",1153,"103.10","1024","2","O2","clang",2.086242
"1154","43",1154,"43.10","1024","4","O2","gcc",1.208923
"1155","34",1155,"34.10","724","1","O2","gcc",0.917525
"1156","99",1156,"99.10","1024","1","O2","clang",3.846369
"1157","35",1157,"35.10","1024","1","O2","gcc",3.847404
"1158","115",1158,"115.10","1024","1","O3","clang",3.845846
"1159","33",1159,"33.10","512","1","O2","gcc",0.287132
"1160","117",1160,"117.10","512","2","O3","clang",0.145641
"1161","4",1161,"4.10","1448","1","O0","gcc",34.291554
"1162","82",1162,"82.10","724","1","O1","clang",0.990472
"1163","12",1163,"12.10","1448","4","O0","gcc",8.529773
"1164","80",1164,"80.10","1448","8","O0","clang",9.389754
"1165","78",1165,"78.10","724","8","O0","clang",1.045616
"1166","44",1166,"44.10","1448","4","O2","gcc",3.704320
"1167","98",1167,"98.10","724","1","O2","clang",0.915325
"1168","68",1168,"68.10","1448","1","O0","clang",34.295609
"1169","14",1169,"14.10","724","8","O0","gcc",0.894241
"1170","125",1170,"125.10","512","8","O3","clang",0.099361
"1171","61",1171,"61.10","512","8","O3","gcc",0.099026
"1172","122",1172,"122.10","724","4","O3","clang",0.320269
"1173","7",1173,"7.10","1024","2","O0","gcc",6.052642
"1174","17",1174,"17.10","512","1","O1","gcc",0.302803
"1175","116",1175,"116.10","1448","1","O3","clang",11.454933
"1176","110",1176,"110.10","724","8","O2","clang",0.330520
"1177","40",1177,"40.10","1448","2","O2","gcc",6.118177
"1178","63",1178,"63.10","1024","8","O3","gcc",1.230956
"1179","11",1179,"11.10","1024","4","O0","gcc",3.063326
"1180","31",1180,"31.10","1024","8","O1","gcc",1.230346
"1181","107",1181,"107.10","1024","4","O2","clang",1.228284
"1182","23",1182,"23.10","1024","2","O1","gcc",2.190581
"1183","62",1183,"62.10","724","8","O3","gcc",0.315810
"1184","93",1184,"93.10","512","8","O1","clang",0.109548
"1185","28",1185,"28.10","1448","4","O1","gcc",3.819988
"1186","13",1186,"13.10","512","8","O0","gcc",0.394767
"1187","53",1187,"53.10","512","2","O3","gcc",0.147131
"1188","126",1188,"126.10","724","8","O3","clang",0.336315
"1189","106",1189,"106.10","724","4","O2","clang",0.332841
"1190","18",1190,"18.10","724","1","O1","gcc",0.993763
"1191","1",1191,"1.10","512","1","O0","gcc",1.087491
"1192","109",1192,"109.10","512","8","O2","clang",0.119121
"1193","8",1193,"8.10","1448","2","O0","gcc",17.481312
"1194","104",1194,"104.10","1448","2","O2","clang",6.029637
"1195","89",1195,"89.10","512","4","O1","clang",0.117986
"1196","46",1196,"46.10","724","8","O2","gcc",0.310592
"1197","45",1197,"45.10","512","8","O2","gcc",0.103819
"1198","38",1198,"38.10","724","2","O2","gcc",0.472031
"1199","30",1199,"30.10","724","8","O1","gcc",0.323752
"1200","55",1200,"55.10","1024","2","O3","gcc",2.109305
"1201","51",1201,"51.10","1024","1","O3","gcc",3.849715
"1202","105",1202,"105.10","512","4","O2","clang",0.099603
"1203","42",1203,"42.10","724","4","O2","gcc",0.313160
"1204","81",1204,"81.10","512","1","O1","clang",0.302776
"1205","5",1205,"5.10","512","2","O0","gcc",0.546150
"1206","39",1206,"39.10","1024","2","O2","gcc",2.069769
"1207","111",1207,"111.10","1024","8","O2","clang",1.233275
"1208","119",1208,"119.10","1024","2","O3","clang",2.049994
"1209","95",1209,"95.10","1024","8","O1","clang",1.218074
"1210","77",1210,"77.10","512","8","O0","clang",0.360055
"1211","25",1211,"25.10","512","4","O1","gcc",0.099151
"1212","91",1212,"91.10","1024","4","O1","clang",1.232873
"1213","10",1213,"10.10","724","4","O0","gcc",1.073849
"1214","79",1214,"79.10","1024","8","O0","clang",3.354326
"1215","74",1215,"74.10","724","4","O0","clang",1.040347
"1216","16",1216,"16.10","1448","8","O0","gcc",9.705619
"1217","60",1217,"60.10","1448","4","O3","gcc",3.802412
"1218","97",1218,"97.10","512","1","O2","clang",0.282521
"1219","57",1219,"57.10","512","4","O3","gcc",0.115491
"1220","90",1220,"90.10","724","4","O1","clang",0.323258
"1221","84",1221,"84.10","1448","1","O1","clang",11.967352
"1222","76",1222,"76.10","1448","4","O0","clang",9.555748
"1223","58",1223,"58.10","724","4","O3","gcc",0.317192
"1224","19",1224,"19.10","1024","1","O1","gcc",4.023501
"1225","118",1225,"118.10","724","2","O3","clang",0.470038
"1226","123",1226,"123.10","1024","4","O3","clang",1.224322
"1227","85",1227,"85.10","512","2","O1","clang",0.154902
"1228","2",1228,"2.10","724","1","O0","gcc",3.447708
"1229","75",1229,"75.10","1024","4","O0","clang",3.087771
"1230","47",1230,"47.10","1024","8","O2","gcc",1.217363
"1231","6",1231,"6.10","724","2","O0","gcc",1.743843
"1232","69",1232,"69.10","512","2","O0","clang",0.547424
"1233","114",1233,"114.10","724","1","O3","clang",0.915283
"1234","124",1234,"124.10","1448","4","O3","clang",3.672122
"1235","96",1235,"96.10","1448","8","O1","clang",4.014231
"1236","15",1236,"15.10","1024","8","O0","gcc",3.440133
"1237","21",1237,"21.10","512","2","O1","gcc",0.157529
"1238","70",1238,"70.10","724","2","O0","clang",1.741314
"1239","37",1239,"37.10","512","2","O2","gcc",0.144572
"1240","48",1240,"48.10","1448","8","O2","gcc",4.079272
"1241","120",1241,"120.10","1448","2","O3","clang",6.039926
"1242","94",1242,"94.10","724","8","O1","clang",0.334081
"1243","71",1243,"71.10","1024","2","O0","clang",6.191107
"1244","92",1244,"92.10","1448","4","O1","clang",3.728523
"1245","29",1245,"29.10","512","8","O1","gcc",0.115261
"1246","128",1246,"128.10","1448","8","O3","clang",4.059391
"1247","87",1247,"87.10","1024","2","O1","clang",2.208776
"1248","27",1248,"27.10","1024","4","O1","gcc",1.276204
"1249","54",1249,"54.10","724","2","O3","gcc",0.519287
"1250","66",1250,"66.10","724","1","O0","clang",3.446521
"1251","121",1251,"121.10","512","4","O3","clang",0.095829
"1252","59",1252,"59.10","1024","4","O3","gcc",1.202711
"1253","73",1253,"73.10","512","4","O0","clang",0.280890
"1254","86",1254,"86.10","724","2","O1","clang",0.512195
"1255","32",1255,"32.10","1448","8","O1","gcc",3.866810
"1256","41",1256,"41.10","512","4","O2","gcc",0.114637
"1257","83",1257,"83.10","1024","1","O1","clang",4.025026
"1258","101",1258,"101.10","512","2","O2","clang",0.144682
"1259","100",1259,"100.10","1448","1","O2","clang",11.447188
"1260","3",1260,"3.10","1024","1","O0","gcc",11.849751
"1261","113",1261,"113.10","512","1","O3","clang",0.286467
"1262","24",1262,"24.10","1448","2","O1","gcc",6.339757
"1263","112",1263,"112.10","1448","8","O2","clang",3.891184
"1264","26",1264,"26.10","724","4","O1","gcc",0.315852
"1265","64",1265,"64.10","1448","8","O3","gcc",3.894263
"1266","56",1266,"56.10","1448","2","O3","gcc",6.107536
"1267","20",1267,"20.10","1448","1","O1","gcc",11.960380
"1268","67",1268,"67.10","1024","1","O0","clang",11.848223
"1269","52",1269,"52.10","1448","1","O3","gcc",11.449339
"1270","36",1270,"36.10","1448","1","O2","gcc",11.453448
"1271","9",1271,"9.10","512","4","O0","gcc",0.280623
"1272","102",1272,"102.10","724","2","O2","clang",0.493720
"1273","22",1273,"22.10","724","2","O1","gcc",0.507417
"1274","50",1274,"50.10","724","1","O3","gcc",0.917685
"1275","108",1275,"108.10","1448","4","O2","clang",3.649709
"1276","65",1276,"65.10","512","1","O0","clang",1.090092
"1277","72",1277,"72.10","1448","2","O0","clang",17.467866
"1278","49",1278,"49.10","512","1","O3","gcc",0.286614
"1279","88",1279,"88.10","1448","2","O1","clang",6.399216
"1280","127",1280,"127.10","1024","8","O3","clang",1.297206
