"name","run.no.in.std.order","run.no","run.no.std.rp","threads","optimization","compiler","time"
"1","137",1,"137.1","8","O2","gcc-4.6.4",""
"2","151",2,"151.1","8","O0","gcc-4.7.3",""
"3","85",3,"85.1","1","O0","clang-3.9.0",""
"4","257",4,"257.1","16","O0","gcc-5.3.0",""
"5","111",5,"111.1","32","O0","gcc-4.5.3",""
"6","131",6,"131.1","16","O0","gcc-4.6.4",""
"7","321",7,"321.1","32","O0","gcc-6.2.0",""
"8","64",8,"64.1","1","O0","clang-3.8.1",""
"9","168",9,"168.1","64","O3","gcc-4.7.3",""
"10","200",10,"200.1","8","O2","gcc-4.9.4",""
"11","247",11,"247.1","2","O3","gcc-5.2.0",""
"12","305",12,"305.1","8","O2","gcc-6.1.0",""
"13","202",13,"202.1","32","O2","gcc-4.9.4",""
"14","141",14,"141.1","1","O3","gcc-4.6.4",""
"15","197",15,"197.1","1","O2","gcc-4.9.4",""
"16","211",16,"211.1","1","O0","gcc-5.1.0",""
"17","172",17,"172.1","8","O0","gcc-4.8.1",""
"18","281",18,"281.1","1","O2","gcc-5.4.0",""
"19","41",19,"41.1","32","O3","clang-3.7.1",""
"20","78",20,"78.1","1","O3","clang-3.8.1",""
"21","265",21,"265.1","32","O2","gcc-5.3.0",""
"22","21",22,"21.1","64","O3","clang-3.7.0",""
"23","331",23,"331.1","2","O3","gcc-6.2.0",""
"24","237",24,"237.1","32","O0","gcc-5.2.0",""
"25","251",25,"251.1","32","O3","gcc-5.2.0",""
"26","138",26,"138.1","16","O2","gcc-4.6.4",""
"27","319",27,"319.1","8","O0","gcc-6.2.0",""
"28","180",28,"180.1","16","O2","gcc-4.8.1",""
"29","240",29,"240.1","2","O2","gcc-5.2.0",""
"30","208",30,"208.1","16","O3","gcc-4.9.4",""
"31","207",31,"207.1","8","O3","gcc-4.9.4",""
"32","46",32,"46.1","8","O0","clang-3.8.0",""
"33","316",33,"316.1","1","O0","gcc-6.2.0",""
"34","315",34,"315.1","64","O3","gcc-6.1.0",""
"35","28",35,"28.1","64","O0","clang-3.7.1",""
"36","146",36,"146.1","32","O3","gcc-4.6.4",""
"37","42",37,"42.1","64","O3","clang-3.7.1",""
"38","189",38,"189.1","64","O3","gcc-4.8.1",""
"39","75",39,"75.1","16","O2","clang-3.8.1",""
"40","108",40,"108.1","4","O0","gcc-4.5.3",""
"41","145",41,"145.1","16","O3","gcc-4.6.4",""
"42","232",42,"232.1","1","O0","gcc-5.2.0",""
"43","310",43,"310.1","2","O3","gcc-6.1.0",""
"44","262",44,"262.1","4","O2","gcc-5.3.0",""
"45","192",45,"192.1","4","O0","gcc-4.9.4",""
"46","115",46,"115.1","4","O2","gcc-4.5.3",""
"47","176",47,"176.1","1","O2","gcc-4.8.1",""
"48","57",48,"57.1","1","O3","clang-3.8.0",""
"49","171",49,"171.1","4","O0","gcc-4.8.1",""
"50","154",50,"154.1","64","O0","gcc-4.7.3",""
"51","102",51,"102.1","8","O3","clang-3.9.0",""
"52","191",52,"191.1","2","O0","gcc-4.9.4",""
"53","190",53,"190.1","1","O0","gcc-4.9.4",""
"54","88",54,"88.1","8","O0","clang-3.9.0",""
"55","330",55,"330.1","1","O3","gcc-6.2.0",""
"56","4",56,"4.1","8","O0","clang-3.7.0",""
"57","73",57,"73.1","4","O2","clang-3.8.1",""
"58","220",58,"220.1","4","O2","gcc-5.1.0",""
"59","221",59,"221.1","8","O2","gcc-5.1.0",""
"60","36",60,"36.1","1","O3","clang-3.7.1",""
"61","107",61,"107.1","2","O0","gcc-4.5.3",""
"62","39",62,"39.1","8","O3","clang-3.7.1",""
"63","245",63,"245.1","64","O2","gcc-5.2.0",""
"64","213",64,"213.1","4","O0","gcc-5.1.0",""
"65","278",65,"278.1","16","O0","gcc-5.4.0",""
"66","183",66,"183.1","1","O3","gcc-4.8.1",""
"67","270",67,"270.1","8","O3","gcc-5.3.0",""
"68","250",68,"250.1","16","O3","gcc-5.2.0",""
"69","32",69,"32.1","8","O2","clang-3.7.1",""
"70","272",70,"272.1","32","O3","gcc-5.3.0",""
"71","83",71,"83.1","32","O3","clang-3.8.1",""
"72","323",72,"323.1","1","O2","gcc-6.2.0",""
"73","86",73,"86.1","2","O0","clang-3.9.0",""
"74","129",74,"129.1","4","O0","gcc-4.6.4",""
"75","155",75,"155.1","1","O2","gcc-4.7.3",""
"76","212",76,"212.1","2","O0","gcc-5.1.0",""
"77","147",77,"147.1","64","O3","gcc-4.6.4",""
"78","277",78,"277.1","8","O0","gcc-5.4.0",""
"79","174",79,"174.1","32","O0","gcc-4.8.1",""
"80","134",80,"134.1","1","O2","gcc-4.6.4",""
"81","166",81,"166.1","16","O3","gcc-4.7.3",""
"82","60",82,"60.1","8","O3","clang-3.8.0",""
"83","125",83,"125.1","32","O3","gcc-4.5.3",""
"84","311",84,"311.1","4","O3","gcc-6.1.0",""
"85","11",85,"11.1","8","O2","clang-3.7.0",""
"86","80",86,"80.1","4","O3","clang-3.8.1",""
"87","132",87,"132.1","32","O0","gcc-4.6.4",""
"88","264",88,"264.1","16","O2","gcc-5.3.0",""
"89","274",89,"274.1","1","O0","gcc-5.4.0",""
"90","16",90,"16.1","2","O3","clang-3.7.0",""
"91","160",91,"160.1","32","O2","gcc-4.7.3",""
"92","104",92,"104.1","32","O3","clang-3.9.0",""
"93","288",93,"288.1","1","O3","gcc-5.4.0",""
"94","167",94,"167.1","32","O3","gcc-4.7.3",""
"95","327",95,"327.1","16","O2","gcc-6.2.0",""
"96","260",96,"260.1","1","O2","gcc-5.3.0",""
"97","178",97,"178.1","4","O2","gcc-4.8.1",""
"98","94",98,"94.1","4","O2","clang-3.9.0",""
"99","186",99,"186.1","8","O3","gcc-4.8.1",""
"100","59",100,"59.1","4","O3","clang-3.8.0",""
"101","95",101,"95.1","8","O2","clang-3.9.0",""
"102","324",102,"324.1","2","O2","gcc-6.2.0",""
"103","280",103,"280.1","64","O0","gcc-5.4.0",""
"104","228",104,"228.1","8","O3","gcc-5.1.0",""
"105","329",105,"329.1","64","O2","gcc-6.2.0",""
"106","77",106,"77.1","64","O2","clang-3.8.1",""
"107","210",107,"210.1","64","O3","gcc-4.9.4",""
"108","279",108,"279.1","32","O0","gcc-5.4.0",""
"109","70",109,"70.1","64","O0","clang-3.8.1",""
"110","44",110,"44.1","2","O0","clang-3.8.0",""
"111","2",111,"2.1","2","O0","clang-3.7.0",""
"112","19",112,"19.1","16","O3","clang-3.7.0",""
"113","103",113,"103.1","16","O3","clang-3.9.0",""
"114","97",114,"97.1","32","O2","clang-3.9.0",""
"115","175",115,"175.1","64","O0","gcc-4.8.1",""
"116","90",116,"90.1","32","O0","clang-3.9.0",""
"117","226",117,"226.1","2","O3","gcc-5.1.0",""
"118","74",118,"74.1","8","O2","clang-3.8.1",""
"119","29",119,"29.1","1","O2","clang-3.7.1",""
"120","8",120,"8.1","1","O2","clang-3.7.0",""
"121","328",121,"328.1","32","O2","gcc-6.2.0",""
"122","285",122,"285.1","16","O2","gcc-5.4.0",""
"123","71",123,"71.1","1","O2","clang-3.8.1",""
"124","35",124,"35.1","64","O2","clang-3.7.1",""
"125","40",125,"40.1","16","O3","clang-3.7.1",""
"126","187",126,"187.1","16","O3","gcc-4.8.1",""
"127","109",127,"109.1","8","O0","gcc-4.5.3",""
"128","269",128,"269.1","4","O3","gcc-5.3.0",""
"129","58",129,"58.1","2","O3","clang-3.8.0",""
"130","1",130,"1.1","1","O0","clang-3.7.0",""
"131","25",131,"25.1","8","O0","clang-3.7.1",""
"132","130",132,"130.1","8","O0","gcc-4.6.4",""
"133","113",133,"113.1","1","O2","gcc-4.5.3",""
"134","225",134,"225.1","1","O3","gcc-5.1.0",""
"135","163",135,"163.1","2","O3","gcc-4.7.3",""
"136","150",136,"150.1","4","O0","gcc-4.7.3",""
"137","266",137,"266.1","64","O2","gcc-5.3.0",""
"138","100",138,"100.1","2","O3","clang-3.9.0",""
"139","55",139,"55.1","32","O2","clang-3.8.0",""
"140","82",140,"82.1","16","O3","clang-3.8.1",""
"141","206",141,"206.1","4","O3","gcc-4.9.4",""
"142","292",142,"292.1","16","O3","gcc-5.4.0",""
"143","9",143,"9.1","2","O2","clang-3.7.0",""
"144","173",144,"173.1","16","O0","gcc-4.8.1",""
"145","38",145,"38.1","4","O3","clang-3.7.1",""
"146","334",146,"334.1","16","O3","gcc-6.2.0",""
"147","37",147,"37.1","2","O3","clang-3.7.1",""
"148","22",148,"22.1","1","O0","clang-3.7.1",""
"149","139",149,"139.1","32","O2","gcc-4.6.4",""
"150","169",150,"169.1","1","O0","gcc-4.8.1",""
"151","43",151,"43.1","1","O0","clang-3.8.0",""
"152","153",152,"153.1","32","O0","gcc-4.7.3",""
"153","271",153,"271.1","16","O3","gcc-5.3.0",""
"154","199",154,"199.1","4","O2","gcc-4.9.4",""
"155","193",155,"193.1","8","O0","gcc-4.9.4",""
"156","117",156,"117.1","16","O2","gcc-4.5.3",""
"157","51",157,"51.1","2","O2","clang-3.8.0",""
"158","219",158,"219.1","2","O2","gcc-5.1.0",""
"159","66",159,"66.1","4","O0","clang-3.8.1",""
"160","333",160,"333.1","8","O3","gcc-6.2.0",""
"161","159",161,"159.1","16","O2","gcc-4.7.3",""
"162","256",162,"256.1","8","O0","gcc-5.3.0",""
"163","124",163,"124.1","16","O3","gcc-4.5.3",""
"164","47",164,"47.1","16","O0","clang-3.8.0",""
"165","30",165,"30.1","2","O2","clang-3.7.1",""
"166","282",166,"282.1","2","O2","gcc-5.4.0",""
"167","216",167,"216.1","32","O0","gcc-5.1.0",""
"168","56",168,"56.1","64","O2","clang-3.8.0",""
"169","317",169,"317.1","2","O0","gcc-6.2.0",""
"170","93",170,"93.1","2","O2","clang-3.9.0",""
"171","87",171,"87.1","4","O0","clang-3.9.0",""
"172","275",172,"275.1","2","O0","gcc-5.4.0",""
"173","140",173,"140.1","64","O2","gcc-4.6.4",""
"174","273",174,"273.1","64","O3","gcc-5.3.0",""
"175","194",175,"194.1","16","O0","gcc-4.9.4",""
"176","302",176,"302.1","1","O2","gcc-6.1.0",""
"177","91",177,"91.1","64","O0","clang-3.9.0",""
"178","6",178,"6.1","32","O0","clang-3.7.0",""
"179","224",179,"224.1","64","O2","gcc-5.1.0",""
"180","162",180,"162.1","1","O3","gcc-4.7.3",""
"181","18",181,"18.1","8","O3","clang-3.7.0",""
"182","61",182,"61.1","16","O3","clang-3.8.0",""
"183","235",183,"235.1","8","O0","gcc-5.2.0",""
"184","79",184,"79.1","2","O3","clang-3.8.1",""
"185","53",185,"53.1","8","O2","clang-3.8.0",""
"186","294",186,"294.1","64","O3","gcc-5.4.0",""
"187","242",187,"242.1","8","O2","gcc-5.2.0",""
"188","332",188,"332.1","4","O3","gcc-6.2.0",""
"189","161",189,"161.1","64","O2","gcc-4.7.3",""
"190","236",190,"236.1","16","O0","gcc-5.2.0",""
"191","128",191,"128.1","2","O0","gcc-4.6.4",""
"192","31",192,"31.1","4","O2","clang-3.7.1",""
"193","241",193,"241.1","4","O2","gcc-5.2.0",""
"194","106",194,"106.1","1","O0","gcc-4.5.3",""
"195","335",195,"335.1","32","O3","gcc-6.2.0",""
"196","62",196,"62.1","32","O3","clang-3.8.0",""
"197","105",197,"105.1","64","O3","clang-3.9.0",""
"198","33",198,"33.1","16","O2","clang-3.7.1",""
"199","234",199,"234.1","4","O0","gcc-5.2.0",""
"200","284",200,"284.1","8","O2","gcc-5.4.0",""
"201","149",201,"149.1","2","O0","gcc-4.7.3",""
"202","307",202,"307.1","32","O2","gcc-6.1.0",""
"203","34",203,"34.1","32","O2","clang-3.7.1",""
"204","298",204,"298.1","8","O0","gcc-6.1.0",""
"205","196",205,"196.1","64","O0","gcc-4.9.4",""
"206","121",206,"121.1","2","O3","gcc-4.5.3",""
"207","48",207,"48.1","32","O0","clang-3.8.0",""
"208","177",208,"177.1","2","O2","gcc-4.8.1",""
"209","314",209,"314.1","32","O3","gcc-6.1.0",""
"210","98",210,"98.1","64","O2","clang-3.9.0",""
"211","148",211,"148.1","1","O0","gcc-4.7.3",""
"212","65",212,"65.1","2","O0","clang-3.8.1",""
"213","54",213,"54.1","16","O2","clang-3.8.0",""
"214","89",214,"89.1","16","O0","clang-3.9.0",""
"215","301",215,"301.1","64","O0","gcc-6.1.0",""
"216","120",216,"120.1","1","O3","gcc-4.5.3",""
"217","222",217,"222.1","16","O2","gcc-5.1.0",""
"218","243",218,"243.1","16","O2","gcc-5.2.0",""
"219","142",219,"142.1","2","O3","gcc-4.6.4",""
"220","179",220,"179.1","8","O2","gcc-4.8.1",""
"221","12",221,"12.1","16","O2","clang-3.7.0",""
"222","10",222,"10.1","4","O2","clang-3.7.0",""
"223","290",223,"290.1","4","O3","gcc-5.4.0",""
"224","195",224,"195.1","32","O0","gcc-4.9.4",""
"225","69",225,"69.1","32","O0","clang-3.8.1",""
"226","253",226,"253.1","1","O0","gcc-5.3.0",""
"227","254",227,"254.1","2","O0","gcc-5.3.0",""
"228","156",228,"156.1","2","O2","gcc-4.7.3",""
"229","15",229,"15.1","1","O3","clang-3.7.0",""
"230","165",230,"165.1","8","O3","gcc-4.7.3",""
"231","144",231,"144.1","8","O3","gcc-4.6.4",""
"232","157",232,"157.1","4","O2","gcc-4.7.3",""
"233","110",233,"110.1","16","O0","gcc-4.5.3",""
"234","297",234,"297.1","4","O0","gcc-6.1.0",""
"235","201",235,"201.1","16","O2","gcc-4.9.4",""
"236","123",236,"123.1","8","O3","gcc-4.5.3",""
"237","229",237,"229.1","16","O3","gcc-5.1.0",""
"238","181",238,"181.1","32","O2","gcc-4.8.1",""
"239","203",239,"203.1","64","O2","gcc-4.9.4",""
"240","230",240,"230.1","32","O3","gcc-5.1.0",""
"241","50",241,"50.1","1","O2","clang-3.8.0",""
"242","306",242,"306.1","16","O2","gcc-6.1.0",""
"243","293",243,"293.1","32","O3","gcc-5.4.0",""
"244","209",244,"209.1","32","O3","gcc-4.9.4",""
"245","249",245,"249.1","8","O3","gcc-5.2.0",""
"246","303",246,"303.1","2","O2","gcc-6.1.0",""
"247","14",247,"14.1","64","O2","clang-3.7.0",""
"248","20",248,"20.1","32","O3","clang-3.7.0",""
"249","24",249,"24.1","4","O0","clang-3.7.1",""
"250","312",250,"312.1","8","O3","gcc-6.1.0",""
"251","7",251,"7.1","64","O0","clang-3.7.0",""
"252","258",252,"258.1","32","O0","gcc-5.3.0",""
"253","92",253,"92.1","1","O2","clang-3.9.0",""
"254","320",254,"320.1","16","O0","gcc-6.2.0",""
"255","81",255,"81.1","8","O3","clang-3.8.1",""
"256","205",256,"205.1","2","O3","gcc-4.9.4",""
"257","63",257,"63.1","64","O3","clang-3.8.0",""
"258","231",258,"231.1","64","O3","gcc-5.1.0",""
"259","300",259,"300.1","32","O0","gcc-6.1.0",""
"260","304",260,"304.1","4","O2","gcc-6.1.0",""
"261","184",261,"184.1","2","O3","gcc-4.8.1",""
"262","84",262,"84.1","64","O3","clang-3.8.1",""
"263","248",263,"248.1","4","O3","gcc-5.2.0",""
"264","268",264,"268.1","2","O3","gcc-5.3.0",""
"265","295",265,"295.1","1","O0","gcc-6.1.0",""
"266","289",266,"289.1","2","O3","gcc-5.4.0",""
"267","112",267,"112.1","64","O0","gcc-4.5.3",""
"268","318",268,"318.1","4","O0","gcc-6.2.0",""
"269","255",269,"255.1","4","O0","gcc-5.3.0",""
"270","198",270,"198.1","2","O2","gcc-4.9.4",""
"271","164",271,"164.1","4","O3","gcc-4.7.3",""
"272","152",272,"152.1","16","O0","gcc-4.7.3",""
"273","143",273,"143.1","4","O3","gcc-4.6.4",""
"274","325",274,"325.1","4","O2","gcc-6.2.0",""
"275","218",275,"218.1","1","O2","gcc-5.1.0",""
"276","283",276,"283.1","4","O2","gcc-5.4.0",""
"277","246",277,"246.1","1","O3","gcc-5.2.0",""
"278","135",278,"135.1","2","O2","gcc-4.6.4",""
"279","158",279,"158.1","8","O2","gcc-4.7.3",""
"280","336",280,"336.1","64","O3","gcc-6.2.0",""
"281","188",281,"188.1","32","O3","gcc-4.8.1",""
"282","252",282,"252.1","64","O3","gcc-5.2.0",""
"283","299",283,"299.1","16","O0","gcc-6.1.0",""
"284","68",284,"68.1","16","O0","clang-3.8.1",""
"285","122",285,"122.1","4","O3","gcc-4.5.3",""
"286","118",286,"118.1","32","O2","gcc-4.5.3",""
"287","45",287,"45.1","4","O0","clang-3.8.0",""
"288","239",288,"239.1","1","O2","gcc-5.2.0",""
"289","136",289,"136.1","4","O2","gcc-4.6.4",""
"290","233",290,"233.1","2","O0","gcc-5.2.0",""
"291","96",291,"96.1","16","O2","clang-3.9.0",""
"292","227",292,"227.1","4","O3","gcc-5.1.0",""
"293","116",293,"116.1","8","O2","gcc-4.5.3",""
"294","308",294,"308.1","64","O2","gcc-6.1.0",""
"295","322",295,"322.1","64","O0","gcc-6.2.0",""
"296","185",296,"185.1","4","O3","gcc-4.8.1",""
"297","23",297,"23.1","2","O0","clang-3.7.1",""
"298","259",298,"259.1","64","O0","gcc-5.3.0",""
"299","215",299,"215.1","16","O0","gcc-5.1.0",""
"300","5",300,"5.1","16","O0","clang-3.7.0",""
"301","267",301,"267.1","1","O3","gcc-5.3.0",""
"302","49",302,"49.1","64","O0","clang-3.8.0",""
"303","99",303,"99.1","1","O3","clang-3.9.0",""
"304","296",304,"296.1","2","O0","gcc-6.1.0",""
"305","119",305,"119.1","64","O2","gcc-4.5.3",""
"306","126",306,"126.1","64","O3","gcc-4.5.3",""
"307","76",307,"76.1","32","O2","clang-3.8.1",""
"308","326",308,"326.1","8","O2","gcc-6.2.0",""
"309","127",309,"127.1","1","O0","gcc-4.6.4",""
"310","26",310,"26.1","16","O0","clang-3.7.1",""
"311","276",311,"276.1","4","O0","gcc-5.4.0",""
"312","114",312,"114.1","2","O2","gcc-4.5.3",""
"313","13",313,"13.1","32","O2","clang-3.7.0",""
"314","3",314,"3.1","4","O0","clang-3.7.0",""
"315","17",315,"17.1","4","O3","clang-3.7.0",""
"316","101",316,"101.1","4","O3","clang-3.9.0",""
"317","72",317,"72.1","2","O2","clang-3.8.1",""
"318","133",318,"133.1","64","O0","gcc-4.6.4",""
"319","182",319,"182.1","64","O2","gcc-4.8.1",""
"320","244",320,"244.1","32","O2","gcc-5.2.0",""
"321","313",321,"313.1","16","O3","gcc-6.1.0",""
"322","309",322,"309.1","1","O3","gcc-6.1.0",""
"323","27",323,"27.1","32","O0","clang-3.7.1",""
"324","238",324,"238.1","64","O0","gcc-5.2.0",""
"325","170",325,"170.1","2","O0","gcc-4.8.1",""
"326","52",326,"52.1","4","O2","clang-3.8.0",""
"327","261",327,"261.1","2","O2","gcc-5.3.0",""
"328","263",328,"263.1","8","O2","gcc-5.3.0",""
"329","287",329,"287.1","64","O2","gcc-5.4.0",""
"330","67",330,"67.1","8","O0","clang-3.8.1",""
"331","204",331,"204.1","1","O3","gcc-4.9.4",""
"332","217",332,"217.1","64","O0","gcc-5.1.0",""
"333","214",333,"214.1","8","O0","gcc-5.1.0",""
"334","223",334,"223.1","32","O2","gcc-5.1.0",""
"335","291",335,"291.1","8","O3","gcc-5.4.0",""
"336","286",336,"286.1","32","O2","gcc-5.4.0",""
"337","152",337,"152.2","16","O0","gcc-4.7.3",""
"338","155",338,"155.2","1","O2","gcc-4.7.3",""
"339","46",339,"46.2","8","O0","clang-3.8.0",""
"340","88",340,"88.2","8","O0","clang-3.9.0",""
"341","253",341,"253.2","1","O0","gcc-5.3.0",""
"342","256",342,"256.2","8","O0","gcc-5.3.0",""
"343","78",343,"78.2","1","O3","clang-3.8.1",""
"344","284",344,"284.2","8","O2","gcc-5.4.0",""
"345","76",345,"76.2","32","O2","clang-3.8.1",""
"346","279",346,"279.2","32","O0","gcc-5.4.0",""
"347","228",347,"228.2","8","O3","gcc-5.1.0",""
"348","221",348,"221.2","8","O2","gcc-5.1.0",""
"349","146",349,"146.2","32","O3","gcc-4.6.4",""
"350","66",350,"66.2","4","O0","clang-3.8.1",""
"351","163",351,"163.2","2","O3","gcc-4.7.3",""
"352","332",352,"332.2","4","O3","gcc-6.2.0",""
"353","141",353,"141.2","1","O3","gcc-4.6.4",""
"354","34",354,"34.2","32","O2","clang-3.7.1",""
"355","79",355,"79.2","2","O3","clang-3.8.1",""
"356","128",356,"128.2","2","O0","gcc-4.6.4",""
"357","245",357,"245.2","64","O2","gcc-5.2.0",""
"358","255",358,"255.2","4","O0","gcc-5.3.0",""
"359","326",359,"326.2","8","O2","gcc-6.2.0",""
"360","281",360,"281.2","1","O2","gcc-5.4.0",""
"361","202",361,"202.2","32","O2","gcc-4.9.4",""
"362","186",362,"186.2","8","O3","gcc-4.8.1",""
"363","211",363,"211.2","1","O0","gcc-5.1.0",""
"364","208",364,"208.2","16","O3","gcc-4.9.4",""
"365","197",365,"197.2","1","O2","gcc-4.9.4",""
"366","94",366,"94.2","4","O2","clang-3.9.0",""
"367","157",367,"157.2","4","O2","gcc-4.7.3",""
"368","291",368,"291.2","8","O3","gcc-5.4.0",""
"369","33",369,"33.2","16","O2","clang-3.7.1",""
"370","71",370,"71.2","1","O2","clang-3.8.1",""
"371","285",371,"285.2","16","O2","gcc-5.4.0",""
"372","69",372,"69.2","32","O0","clang-3.8.1",""
"373","249",373,"249.2","8","O3","gcc-5.2.0",""
"374","89",374,"89.2","16","O0","clang-3.9.0",""
"375","246",375,"246.2","1","O3","gcc-5.2.0",""
"376","218",376,"218.2","1","O2","gcc-5.1.0",""
"377","220",377,"220.2","4","O2","gcc-5.1.0",""
"378","3",378,"3.2","4","O0","clang-3.7.0",""
"379","77",379,"77.2","64","O2","clang-3.8.1",""
"380","301",380,"301.2","64","O0","gcc-6.1.0",""
"381","90",381,"90.2","32","O0","clang-3.9.0",""
"382","35",382,"35.2","64","O2","clang-3.7.1",""
"383","298",383,"298.2","8","O0","gcc-6.1.0",""
"384","311",384,"311.2","4","O3","gcc-6.1.0",""
"385","158",385,"158.2","8","O2","gcc-4.7.3",""
"386","115",386,"115.2","4","O2","gcc-4.5.3",""
"387","189",387,"189.2","64","O3","gcc-4.8.1",""
"388","121",388,"121.2","2","O3","gcc-4.5.3",""
"389","64",389,"64.2","1","O0","clang-3.8.1",""
"390","269",390,"269.2","4","O3","gcc-5.3.0",""
"391","244",391,"244.2","32","O2","gcc-5.2.0",""
"392","136",392,"136.2","4","O2","gcc-4.6.4",""
"393","299",393,"299.2","16","O0","gcc-6.1.0",""
"394","62",394,"62.2","32","O3","clang-3.8.0",""
"395","22",395,"22.2","1","O0","clang-3.7.1",""
"396","183",396,"183.2","1","O3","gcc-4.8.1",""
"397","215",397,"215.2","16","O0","gcc-5.1.0",""
"398","41",398,"41.2","32","O3","clang-3.7.1",""
"399","313",399,"313.2","16","O3","gcc-6.1.0",""
"400","9",400,"9.2","2","O2","clang-3.7.0",""
"401","293",401,"293.2","32","O3","gcc-5.4.0",""
"402","290",402,"290.2","4","O3","gcc-5.4.0",""
"403","176",403,"176.2","1","O2","gcc-4.8.1",""
"404","161",404,"161.2","64","O2","gcc-4.7.3",""
"405","306",405,"306.2","16","O2","gcc-6.1.0",""
"406","265",406,"265.2","32","O2","gcc-5.3.0",""
"407","107",407,"107.2","2","O0","gcc-4.5.3",""
"408","322",408,"322.2","64","O0","gcc-6.2.0",""
"409","40",409,"40.2","16","O3","clang-3.7.1",""
"410","99",410,"99.2","1","O3","clang-3.9.0",""
"411","219",411,"219.2","2","O2","gcc-5.1.0",""
"412","210",412,"210.2","64","O3","gcc-4.9.4",""
"413","267",413,"267.2","1","O3","gcc-5.3.0",""
"414","4",414,"4.2","8","O0","clang-3.7.0",""
"415","275",415,"275.2","2","O0","gcc-5.4.0",""
"416","312",416,"312.2","8","O3","gcc-6.1.0",""
"417","248",417,"248.2","4","O3","gcc-5.2.0",""
"418","235",418,"235.2","8","O0","gcc-5.2.0",""
"419","140",419,"140.2","64","O2","gcc-4.6.4",""
"420","58",420,"58.2","2","O3","clang-3.8.0",""
"421","97",421,"97.2","32","O2","clang-3.9.0",""
"422","116",422,"116.2","8","O2","gcc-4.5.3",""
"423","276",423,"276.2","4","O0","gcc-5.4.0",""
"424","44",424,"44.2","2","O0","clang-3.8.0",""
"425","120",425,"120.2","1","O3","gcc-4.5.3",""
"426","109",426,"109.2","8","O0","gcc-4.5.3",""
"427","21",427,"21.2","64","O3","clang-3.7.0",""
"428","194",428,"194.2","16","O0","gcc-4.9.4",""
"429","172",429,"172.2","8","O0","gcc-4.8.1",""
"430","188",430,"188.2","32","O3","gcc-4.8.1",""
"431","335",431,"335.2","32","O3","gcc-6.2.0",""
"432","59",432,"59.2","4","O3","clang-3.8.0",""
"433","167",433,"167.2","32","O3","gcc-4.7.3",""
"434","48",434,"48.2","32","O0","clang-3.8.0",""
"435","305",435,"305.2","8","O2","gcc-6.1.0",""
"436","134",436,"134.2","1","O2","gcc-4.6.4",""
"437","185",437,"185.2","4","O3","gcc-4.8.1",""
"438","237",438,"237.2","32","O0","gcc-5.2.0",""
"439","137",439,"137.2","8","O2","gcc-4.6.4",""
"440","17",440,"17.2","4","O3","clang-3.7.0",""
"441","14",441,"14.2","64","O2","clang-3.7.0",""
"442","207",442,"207.2","8","O3","gcc-4.9.4",""
"443","85",443,"85.2","1","O0","clang-3.9.0",""
"444","123",444,"123.2","8","O3","gcc-4.5.3",""
"445","223",445,"223.2","32","O2","gcc-5.1.0",""
"446","233",446,"233.2","2","O0","gcc-5.2.0",""
"447","148",447,"148.2","1","O0","gcc-4.7.3",""
"448","240",448,"240.2","2","O2","gcc-5.2.0",""
"449","32",449,"32.2","8","O2","clang-3.7.1",""
"450","132",450,"132.2","32","O0","gcc-4.6.4",""
"451","86",451,"86.2","2","O0","clang-3.9.0",""
"452","315",452,"315.2","64","O3","gcc-6.1.0",""
"453","328",453,"328.2","32","O2","gcc-6.2.0",""
"454","250",454,"250.2","16","O3","gcc-5.2.0",""
"455","251",455,"251.2","32","O3","gcc-5.2.0",""
"456","57",456,"57.2","1","O3","clang-3.8.0",""
"457","320",457,"320.2","16","O0","gcc-6.2.0",""
"458","113",458,"113.2","1","O2","gcc-4.5.3",""
"459","20",459,"20.2","32","O3","clang-3.7.0",""
"460","278",460,"278.2","16","O0","gcc-5.4.0",""
"461","182",461,"182.2","64","O2","gcc-4.8.1",""
"462","139",462,"139.2","32","O2","gcc-4.6.4",""
"463","329",463,"329.2","64","O2","gcc-6.2.0",""
"464","201",464,"201.2","16","O2","gcc-4.9.4",""
"465","16",465,"16.2","2","O3","clang-3.7.0",""
"466","61",466,"61.2","16","O3","clang-3.8.0",""
"467","296",467,"296.2","2","O0","gcc-6.1.0",""
"468","159",468,"159.2","16","O2","gcc-4.7.3",""
"469","162",469,"162.2","1","O3","gcc-4.7.3",""
"470","67",470,"67.2","8","O0","clang-3.8.1",""
"471","39",471,"39.2","8","O3","clang-3.7.1",""
"472","117",472,"117.2","16","O2","gcc-4.5.3",""
"473","199",473,"199.2","4","O2","gcc-4.9.4",""
"474","324",474,"324.2","2","O2","gcc-6.2.0",""
"475","264",475,"264.2","16","O2","gcc-5.3.0",""
"476","268",476,"268.2","2","O3","gcc-5.3.0",""
"477","262",477,"262.2","4","O2","gcc-5.3.0",""
"478","31",478,"31.2","4","O2","clang-3.7.1",""
"479","170",479,"170.2","2","O0","gcc-4.8.1",""
"480","119",480,"119.2","64","O2","gcc-4.5.3",""
"481","37",481,"37.2","2","O3","clang-3.7.1",""
"482","87",482,"87.2","4","O0","clang-3.9.0",""
"483","266",483,"266.2","64","O2","gcc-5.3.0",""
"484","300",484,"300.2","32","O0","gcc-6.1.0",""
"485","169",485,"169.2","1","O0","gcc-4.8.1",""
"486","203",486,"203.2","64","O2","gcc-4.9.4",""
"487","271",487,"271.2","16","O3","gcc-5.3.0",""
"488","303",488,"303.2","2","O2","gcc-6.1.0",""
"489","104",489,"104.2","32","O3","clang-3.9.0",""
"490","93",490,"93.2","2","O2","clang-3.9.0",""
"491","111",491,"111.2","32","O0","gcc-4.5.3",""
"492","144",492,"144.2","8","O3","gcc-4.6.4",""
"493","286",493,"286.2","32","O2","gcc-5.4.0",""
"494","198",494,"198.2","2","O2","gcc-4.9.4",""
"495","81",495,"81.2","8","O3","clang-3.8.1",""
"496","75",496,"75.2","16","O2","clang-3.8.1",""
"497","98",497,"98.2","64","O2","clang-3.9.0",""
"498","100",498,"100.2","2","O3","clang-3.9.0",""
"499","84",499,"84.2","64","O3","clang-3.8.1",""
"500","15",500,"15.2","1","O3","clang-3.7.0",""
"501","177",501,"177.2","2","O2","gcc-4.8.1",""
"502","30",502,"30.2","2","O2","clang-3.7.1",""
"503","247",503,"247.2","2","O3","gcc-5.2.0",""
"504","243",504,"243.2","16","O2","gcc-5.2.0",""
"505","145",505,"145.2","16","O3","gcc-4.6.4",""
"506","254",506,"254.2","2","O0","gcc-5.3.0",""
"507","229",507,"229.2","16","O3","gcc-5.1.0",""
"508","222",508,"222.2","16","O2","gcc-5.1.0",""
"509","294",509,"294.2","64","O3","gcc-5.4.0",""
"510","60",510,"60.2","8","O3","clang-3.8.0",""
"511","160",511,"160.2","32","O2","gcc-4.7.3",""
"512","7",512,"7.2","64","O0","clang-3.7.0",""
"513","192",513,"192.2","4","O0","gcc-4.9.4",""
"514","310",514,"310.2","2","O3","gcc-6.1.0",""
"515","2",515,"2.2","2","O0","clang-3.7.0",""
"516","127",516,"127.2","1","O0","gcc-4.6.4",""
"517","95",517,"95.2","8","O2","clang-3.9.0",""
"518","43",518,"43.2","1","O0","clang-3.8.0",""
"519","292",519,"292.2","16","O3","gcc-5.4.0",""
"520","165",520,"165.2","8","O3","gcc-4.7.3",""
"521","190",521,"190.2","1","O0","gcc-4.9.4",""
"522","195",522,"195.2","32","O0","gcc-4.9.4",""
"523","108",523,"108.2","4","O0","gcc-4.5.3",""
"524","28",524,"28.2","64","O0","clang-3.7.1",""
"525","54",525,"54.2","16","O2","clang-3.8.0",""
"526","242",526,"242.2","8","O2","gcc-5.2.0",""
"527","133",527,"133.2","64","O0","gcc-4.6.4",""
"528","19",528,"19.2","16","O3","clang-3.7.0",""
"529","153",529,"153.2","32","O0","gcc-4.7.3",""
"530","52",530,"52.2","4","O2","clang-3.8.0",""
"531","114",531,"114.2","2","O2","gcc-4.5.3",""
"532","288",532,"288.2","1","O3","gcc-5.4.0",""
"533","47",533,"47.2","16","O0","clang-3.8.0",""
"534","252",534,"252.2","64","O3","gcc-5.2.0",""
"535","217",535,"217.2","64","O0","gcc-5.1.0",""
"536","179",536,"179.2","8","O2","gcc-4.8.1",""
"537","283",537,"283.2","4","O2","gcc-5.4.0",""
"538","50",538,"50.2","1","O2","clang-3.8.0",""
"539","102",539,"102.2","8","O3","clang-3.9.0",""
"540","150",540,"150.2","4","O0","gcc-4.7.3",""
"541","130",541,"130.2","8","O0","gcc-4.6.4",""
"542","83",542,"83.2","32","O3","clang-3.8.1",""
"543","25",543,"25.2","8","O0","clang-3.7.1",""
"544","72",544,"72.2","2","O2","clang-3.8.1",""
"545","70",545,"70.2","64","O0","clang-3.8.1",""
"546","149",546,"149.2","2","O0","gcc-4.7.3",""
"547","318",547,"318.2","4","O0","gcc-6.2.0",""
"548","129",548,"129.2","4","O0","gcc-4.6.4",""
"549","317",549,"317.2","2","O0","gcc-6.2.0",""
"550","261",550,"261.2","2","O2","gcc-5.3.0",""
"551","295",551,"295.2","1","O0","gcc-6.1.0",""
"552","8",552,"8.2","1","O2","clang-3.7.0",""
"553","29",553,"29.2","1","O2","clang-3.7.1",""
"554","331",554,"331.2","2","O3","gcc-6.2.0",""
"555","334",555,"334.2","16","O3","gcc-6.2.0",""
"556","316",556,"316.2","1","O0","gcc-6.2.0",""
"557","175",557,"175.2","64","O0","gcc-4.8.1",""
"558","184",558,"184.2","2","O3","gcc-4.8.1",""
"559","214",559,"214.2","8","O0","gcc-5.1.0",""
"560","325",560,"325.2","4","O2","gcc-6.2.0",""
"561","196",561,"196.2","64","O0","gcc-4.9.4",""
"562","314",562,"314.2","32","O3","gcc-6.1.0",""
"563","258",563,"258.2","32","O0","gcc-5.3.0",""
"564","74",564,"74.2","8","O2","clang-3.8.1",""
"565","309",565,"309.2","1","O3","gcc-6.1.0",""
"566","53",566,"53.2","8","O2","clang-3.8.0",""
"567","191",567,"191.2","2","O0","gcc-4.9.4",""
"568","42",568,"42.2","64","O3","clang-3.7.1",""
"569","112",569,"112.2","64","O0","gcc-4.5.3",""
"570","80",570,"80.2","4","O3","clang-3.8.1",""
"571","216",571,"216.2","32","O0","gcc-5.1.0",""
"572","26",572,"26.2","16","O0","clang-3.7.1",""
"573","307",573,"307.2","32","O2","gcc-6.1.0",""
"574","282",574,"282.2","2","O2","gcc-5.4.0",""
"575","330",575,"330.2","1","O3","gcc-6.2.0",""
"576","49",576,"49.2","64","O0","clang-3.8.0",""
"577","73",577,"73.2","4","O2","clang-3.8.1",""
"578","297",578,"297.2","4","O0","gcc-6.1.0",""
"579","106",579,"106.2","1","O0","gcc-4.5.3",""
"580","51",580,"51.2","2","O2","clang-3.8.0",""
"581","239",581,"239.2","1","O2","gcc-5.2.0",""
"582","205",582,"205.2","2","O3","gcc-4.9.4",""
"583","304",583,"304.2","4","O2","gcc-6.1.0",""
"584","200",584,"200.2","8","O2","gcc-4.9.4",""
"585","241",585,"241.2","4","O2","gcc-5.2.0",""
"586","147",586,"147.2","64","O3","gcc-4.6.4",""
"587","226",587,"226.2","2","O3","gcc-5.1.0",""
"588","336",588,"336.2","64","O3","gcc-6.2.0",""
"589","308",589,"308.2","64","O2","gcc-6.1.0",""
"590","1",590,"1.2","1","O0","clang-3.7.0",""
"591","63",591,"63.2","64","O3","clang-3.8.0",""
"592","154",592,"154.2","64","O0","gcc-4.7.3",""
"593","82",593,"82.2","16","O3","clang-3.8.1",""
"594","287",594,"287.2","64","O2","gcc-5.4.0",""
"595","209",595,"209.2","32","O3","gcc-4.9.4",""
"596","118",596,"118.2","32","O2","gcc-4.5.3",""
"597","180",597,"180.2","16","O2","gcc-4.8.1",""
"598","65",598,"65.2","2","O0","clang-3.8.1",""
"599","230",599,"230.2","32","O3","gcc-5.1.0",""
"600","5",600,"5.2","16","O0","clang-3.7.0",""
"601","124",601,"124.2","16","O3","gcc-4.5.3",""
"602","259",602,"259.2","64","O0","gcc-5.3.0",""
"603","178",603,"178.2","4","O2","gcc-4.8.1",""
"604","231",604,"231.2","64","O3","gcc-5.1.0",""
"605","213",605,"213.2","4","O0","gcc-5.1.0",""
"606","323",606,"323.2","1","O2","gcc-6.2.0",""
"607","164",607,"164.2","4","O3","gcc-4.7.3",""
"608","260",608,"260.2","1","O2","gcc-5.3.0",""
"609","302",609,"302.2","1","O2","gcc-6.1.0",""
"610","270",610,"270.2","8","O3","gcc-5.3.0",""
"611","274",611,"274.2","1","O0","gcc-5.4.0",""
"612","122",612,"122.2","4","O3","gcc-4.5.3",""
"613","135",613,"135.2","2","O2","gcc-4.6.4",""
"614","166",614,"166.2","16","O3","gcc-4.7.3",""
"615","263",615,"263.2","8","O2","gcc-5.3.0",""
"616","227",616,"227.2","4","O3","gcc-5.1.0",""
"617","126",617,"126.2","64","O3","gcc-4.5.3",""
"618","10",618,"10.2","4","O2","clang-3.7.0",""
"619","333",619,"333.2","8","O3","gcc-6.2.0",""
"620","238",620,"238.2","64","O0","gcc-5.2.0",""
"621","45",621,"45.2","4","O0","clang-3.8.0",""
"622","174",622,"174.2","32","O0","gcc-4.8.1",""
"623","110",623,"110.2","16","O0","gcc-4.5.3",""
"624","131",624,"131.2","16","O0","gcc-4.6.4",""
"625","38",625,"38.2","4","O3","clang-3.7.1",""
"626","91",626,"91.2","64","O0","clang-3.9.0",""
"627","11",627,"11.2","8","O2","clang-3.7.0",""
"628","6",628,"6.2","32","O0","clang-3.7.0",""
"629","212",629,"212.2","2","O0","gcc-5.1.0",""
"630","143",630,"143.2","4","O3","gcc-4.6.4",""
"631","151",631,"151.2","8","O0","gcc-4.7.3",""
"632","12",632,"12.2","16","O2","clang-3.7.0",""
"633","18",633,"18.2","8","O3","clang-3.7.0",""
"634","101",634,"101.2","4","O3","clang-3.9.0",""
"635","181",635,"181.2","32","O2","gcc-4.8.1",""
"636","27",636,"27.2","32","O0","clang-3.7.1",""
"637","92",637,"92.2","1","O2","clang-3.9.0",""
"638","23",638,"23.2","2","O0","clang-3.7.1",""
"639","224",639,"224.2","64","O2","gcc-5.1.0",""
"640","206",640,"206.2","4","O3","gcc-4.9.4",""
"641","225",641,"225.2","1","O3","gcc-5.1.0",""
"642","289",642,"289.2","2","O3","gcc-5.4.0",""
"643","171",643,"171.2","4","O0","gcc-4.8.1",""
"644","193",644,"193.2","8","O0","gcc-4.9.4",""
"645","96",645,"96.2","16","O2","clang-3.9.0",""
"646","168",646,"168.2","64","O3","gcc-4.7.3",""
"647","236",647,"236.2","16","O0","gcc-5.2.0",""
"648","36",648,"36.2","1","O3","clang-3.7.1",""
"649","280",649,"280.2","64","O0","gcc-5.4.0",""
"650","277",650,"277.2","8","O0","gcc-5.4.0",""
"651","327",651,"327.2","16","O2","gcc-6.2.0",""
"652","105",652,"105.2","64","O3","clang-3.9.0",""
"653","234",653,"234.2","4","O0","gcc-5.2.0",""
"654","125",654,"125.2","32","O3","gcc-4.5.3",""
"655","273",655,"273.2","64","O3","gcc-5.3.0",""
"656","56",656,"56.2","64","O2","clang-3.8.0",""
"657","173",657,"173.2","16","O0","gcc-4.8.1",""
"658","257",658,"257.2","16","O0","gcc-5.3.0",""
"659","187",659,"187.2","16","O3","gcc-4.8.1",""
"660","68",660,"68.2","16","O0","clang-3.8.1",""
"661","232",661,"232.2","1","O0","gcc-5.2.0",""
"662","103",662,"103.2","16","O3","clang-3.9.0",""
"663","24",663,"24.2","4","O0","clang-3.7.1",""
"664","321",664,"321.2","32","O0","gcc-6.2.0",""
"665","142",665,"142.2","2","O3","gcc-4.6.4",""
"666","138",666,"138.2","16","O2","gcc-4.6.4",""
"667","319",667,"319.2","8","O0","gcc-6.2.0",""
"668","272",668,"272.2","32","O3","gcc-5.3.0",""
"669","204",669,"204.2","1","O3","gcc-4.9.4",""
"670","13",670,"13.2","32","O2","clang-3.7.0",""
"671","55",671,"55.2","32","O2","clang-3.8.0",""
"672","156",672,"156.2","2","O2","gcc-4.7.3",""
"673","43",673,"43.3","1","O0","clang-3.8.0",""
"674","7",674,"7.3","64","O0","clang-3.7.0",""
"675","194",675,"194.3","16","O0","gcc-4.9.4",""
"676","116",676,"116.3","8","O2","gcc-4.5.3",""
"677","225",677,"225.3","1","O3","gcc-5.1.0",""
"678","124",678,"124.3","16","O3","gcc-4.5.3",""
"679","14",679,"14.3","64","O2","clang-3.7.0",""
"680","102",680,"102.3","8","O3","clang-3.9.0",""
"681","217",681,"217.3","64","O0","gcc-5.1.0",""
"682","268",682,"268.3","2","O3","gcc-5.3.0",""
"683","242",683,"242.3","8","O2","gcc-5.2.0",""
"684","47",684,"47.3","16","O0","clang-3.8.0",""
"685","92",685,"92.3","1","O2","clang-3.9.0",""
"686","325",686,"325.3","4","O2","gcc-6.2.0",""
"687","279",687,"279.3","32","O0","gcc-5.4.0",""
"688","52",688,"52.3","4","O2","clang-3.8.0",""
"689","87",689,"87.3","4","O0","clang-3.9.0",""
"690","203",690,"203.3","64","O2","gcc-4.9.4",""
"691","184",691,"184.3","2","O3","gcc-4.8.1",""
"692","257",692,"257.3","16","O0","gcc-5.3.0",""
"693","91",693,"91.3","64","O0","clang-3.9.0",""
"694","166",694,"166.3","16","O3","gcc-4.7.3",""
"695","103",695,"103.3","16","O3","clang-3.9.0",""
"696","60",696,"60.3","8","O3","clang-3.8.0",""
"697","4",697,"4.3","8","O0","clang-3.7.0",""
"698","207",698,"207.3","8","O3","gcc-4.9.4",""
"699","114",699,"114.3","2","O2","gcc-4.5.3",""
"700","50",700,"50.3","1","O2","clang-3.8.0",""
"701","56",701,"56.3","64","O2","clang-3.8.0",""
"702","98",702,"98.3","64","O2","clang-3.9.0",""
"703","309",703,"309.3","1","O3","gcc-6.1.0",""
"704","308",704,"308.3","64","O2","gcc-6.1.0",""
"705","175",705,"175.3","64","O0","gcc-4.8.1",""
"706","23",706,"23.3","2","O0","clang-3.7.1",""
"707","42",707,"42.3","64","O3","clang-3.7.1",""
"708","295",708,"295.3","1","O0","gcc-6.1.0",""
"709","45",709,"45.3","4","O0","clang-3.8.0",""
"710","70",710,"70.3","64","O0","clang-3.8.1",""
"711","22",711,"22.3","1","O0","clang-3.7.1",""
"712","75",712,"75.3","16","O2","clang-3.8.1",""
"713","234",713,"234.3","4","O0","gcc-5.2.0",""
"714","323",714,"323.3","1","O2","gcc-6.2.0",""
"715","59",715,"59.3","4","O3","clang-3.8.0",""
"716","185",716,"185.3","4","O3","gcc-4.8.1",""
"717","113",717,"113.3","1","O2","gcc-4.5.3",""
"718","132",718,"132.3","32","O0","gcc-4.6.4",""
"719","6",719,"6.3","32","O0","clang-3.7.0",""
"720","38",720,"38.3","4","O3","clang-3.7.1",""
"721","210",721,"210.3","64","O3","gcc-4.9.4",""
"722","16",722,"16.3","2","O3","clang-3.7.0",""
"723","190",723,"190.3","1","O0","gcc-4.9.4",""
"724","34",724,"34.3","32","O2","clang-3.7.1",""
"725","237",725,"237.3","32","O0","gcc-5.2.0",""
"726","11",726,"11.3","8","O2","clang-3.7.0",""
"727","304",727,"304.3","4","O2","gcc-6.1.0",""
"728","286",728,"286.3","32","O2","gcc-5.4.0",""
"729","296",729,"296.3","2","O0","gcc-6.1.0",""
"730","28",730,"28.3","64","O0","clang-3.7.1",""
"731","18",731,"18.3","8","O3","clang-3.7.0",""
"732","154",732,"154.3","64","O0","gcc-4.7.3",""
"733","106",733,"106.3","1","O0","gcc-4.5.3",""
"734","107",734,"107.3","2","O0","gcc-4.5.3",""
"735","65",735,"65.3","2","O0","clang-3.8.1",""
"736","322",736,"322.3","64","O0","gcc-6.2.0",""
"737","115",737,"115.3","4","O2","gcc-4.5.3",""
"738","284",738,"284.3","8","O2","gcc-5.4.0",""
"739","219",739,"219.3","2","O2","gcc-5.1.0",""
"740","133",740,"133.3","64","O0","gcc-4.6.4",""
"741","327",741,"327.3","16","O2","gcc-6.2.0",""
"742","117",742,"117.3","16","O2","gcc-4.5.3",""
"743","315",743,"315.3","64","O3","gcc-6.1.0",""
"744","68",744,"68.3","16","O0","clang-3.8.1",""
"745","204",745,"204.3","1","O3","gcc-4.9.4",""
"746","196",746,"196.3","64","O0","gcc-4.9.4",""
"747","138",747,"138.3","16","O2","gcc-4.6.4",""
"748","193",748,"193.3","8","O0","gcc-4.9.4",""
"749","192",749,"192.3","4","O0","gcc-4.9.4",""
"750","94",750,"94.3","4","O2","clang-3.9.0",""
"751","191",751,"191.3","2","O0","gcc-4.9.4",""
"752","168",752,"168.3","64","O3","gcc-4.7.3",""
"753","82",753,"82.3","16","O3","clang-3.8.1",""
"754","20",754,"20.3","32","O3","clang-3.7.0",""
"755","26",755,"26.3","16","O0","clang-3.7.1",""
"756","147",756,"147.3","64","O3","gcc-4.6.4",""
"757","73",757,"73.3","4","O2","clang-3.8.1",""
"758","158",758,"158.3","8","O2","gcc-4.7.3",""
"759","109",759,"109.3","8","O0","gcc-4.5.3",""
"760","89",760,"89.3","16","O0","clang-3.9.0",""
"761","161",761,"161.3","64","O2","gcc-4.7.3",""
"762","255",762,"255.3","4","O0","gcc-5.3.0",""
"763","208",763,"208.3","16","O3","gcc-4.9.4",""
"764","254",764,"254.3","2","O0","gcc-5.3.0",""
"765","61",765,"61.3","16","O3","clang-3.8.0",""
"766","211",766,"211.3","1","O0","gcc-5.1.0",""
"767","305",767,"305.3","8","O2","gcc-6.1.0",""
"768","298",768,"298.3","8","O0","gcc-6.1.0",""
"769","49",769,"49.3","64","O0","clang-3.8.0",""
"770","33",770,"33.3","16","O2","clang-3.7.1",""
"771","3",771,"3.3","4","O0","clang-3.7.0",""
"772","250",772,"250.3","16","O3","gcc-5.2.0",""
"773","163",773,"163.3","2","O3","gcc-4.7.3",""
"774","131",774,"131.3","16","O0","gcc-4.6.4",""
"775","274",775,"274.3","1","O0","gcc-5.4.0",""
"776","54",776,"54.3","16","O2","clang-3.8.0",""
"777","293",777,"293.3","32","O3","gcc-5.4.0",""
"778","111",778,"111.3","32","O0","gcc-4.5.3",""
"779","259",779,"259.3","64","O0","gcc-5.3.0",""
"780","335",780,"335.3","32","O3","gcc-6.2.0",""
"781","264",781,"264.3","16","O2","gcc-5.3.0",""
"782","1",782,"1.3","1","O0","clang-3.7.0",""
"783","223",783,"223.3","32","O2","gcc-5.1.0",""
"784","290",784,"290.3","4","O3","gcc-5.4.0",""
"785","151",785,"151.3","8","O0","gcc-4.7.3",""
"786","162",786,"162.3","1","O3","gcc-4.7.3",""
"787","186",787,"186.3","8","O3","gcc-4.8.1",""
"788","205",788,"205.3","2","O3","gcc-4.9.4",""
"789","181",789,"181.3","32","O2","gcc-4.8.1",""
"790","285",790,"285.3","16","O2","gcc-5.4.0",""
"791","202",791,"202.3","32","O2","gcc-4.9.4",""
"792","321",792,"321.3","32","O0","gcc-6.2.0",""
"793","275",793,"275.3","2","O0","gcc-5.4.0",""
"794","105",794,"105.3","64","O3","clang-3.9.0",""
"795","32",795,"32.3","8","O2","clang-3.7.1",""
"796","101",796,"101.3","4","O3","clang-3.9.0",""
"797","265",797,"265.3","32","O2","gcc-5.3.0",""
"798","209",798,"209.3","32","O3","gcc-4.9.4",""
"799","57",799,"57.3","1","O3","clang-3.8.0",""
"800","21",800,"21.3","64","O3","clang-3.7.0",""
"801","247",801,"247.3","2","O3","gcc-5.2.0",""
"802","12",802,"12.3","16","O2","clang-3.7.0",""
"803","137",803,"137.3","8","O2","gcc-4.6.4",""
"804","189",804,"189.3","64","O3","gcc-4.8.1",""
"805","135",805,"135.3","2","O2","gcc-4.6.4",""
"806","127",806,"127.3","1","O0","gcc-4.6.4",""
"807","258",807,"258.3","32","O0","gcc-5.3.0",""
"808","85",808,"85.3","1","O0","clang-3.9.0",""
"809","307",809,"307.3","32","O2","gcc-6.1.0",""
"810","236",810,"236.3","16","O0","gcc-5.2.0",""
"811","251",811,"251.3","32","O3","gcc-5.2.0",""
"812","148",812,"148.3","1","O0","gcc-4.7.3",""
"813","312",813,"312.3","8","O3","gcc-6.1.0",""
"814","120",814,"120.3","1","O3","gcc-4.5.3",""
"815","95",815,"95.3","8","O2","clang-3.9.0",""
"816","253",816,"253.3","1","O0","gcc-5.3.0",""
"817","334",817,"334.3","16","O3","gcc-6.2.0",""
"818","153",818,"153.3","32","O0","gcc-4.7.3",""
"819","46",819,"46.3","8","O0","clang-3.8.0",""
"820","317",820,"317.3","2","O0","gcc-6.2.0",""
"821","245",821,"245.3","64","O2","gcc-5.2.0",""
"822","230",822,"230.3","32","O3","gcc-5.1.0",""
"823","215",823,"215.3","16","O0","gcc-5.1.0",""
"824","182",824,"182.3","64","O2","gcc-4.8.1",""
"825","63",825,"63.3","64","O3","clang-3.8.0",""
"826","291",826,"291.3","8","O3","gcc-5.4.0",""
"827","77",827,"77.3","64","O2","clang-3.8.1",""
"828","93",828,"93.3","2","O2","clang-3.9.0",""
"829","79",829,"79.3","2","O3","clang-3.8.1",""
"830","283",830,"283.3","4","O2","gcc-5.4.0",""
"831","183",831,"183.3","1","O3","gcc-4.8.1",""
"832","238",832,"238.3","64","O0","gcc-5.2.0",""
"833","256",833,"256.3","8","O0","gcc-5.3.0",""
"834","72",834,"72.3","2","O2","clang-3.8.1",""
"835","178",835,"178.3","4","O2","gcc-4.8.1",""
"836","318",836,"318.3","4","O0","gcc-6.2.0",""
"837","172",837,"172.3","8","O0","gcc-4.8.1",""
"838","48",838,"48.3","32","O0","clang-3.8.0",""
"839","235",839,"235.3","8","O0","gcc-5.2.0",""
"840","233",840,"233.3","2","O0","gcc-5.2.0",""
"841","15",841,"15.3","1","O3","clang-3.7.0",""
"842","311",842,"311.3","4","O3","gcc-6.1.0",""
"843","112",843,"112.3","64","O0","gcc-4.5.3",""
"844","74",844,"74.3","8","O2","clang-3.8.1",""
"845","287",845,"287.3","64","O2","gcc-5.4.0",""
"846","8",846,"8.3","1","O2","clang-3.7.0",""
"847","252",847,"252.3","64","O3","gcc-5.2.0",""
"848","139",848,"139.3","32","O2","gcc-4.6.4",""
"849","90",849,"90.3","32","O0","clang-3.9.0",""
"850","330",850,"330.3","1","O3","gcc-6.2.0",""
"851","140",851,"140.3","64","O2","gcc-4.6.4",""
"852","5",852,"5.3","16","O0","clang-3.7.0",""
"853","336",853,"336.3","64","O3","gcc-6.2.0",""
"854","249",854,"249.3","8","O3","gcc-5.2.0",""
"855","302",855,"302.3","1","O2","gcc-6.1.0",""
"856","125",856,"125.3","32","O3","gcc-4.5.3",""
"857","179",857,"179.3","8","O2","gcc-4.8.1",""
"858","136",858,"136.3","4","O2","gcc-4.6.4",""
"859","332",859,"332.3","4","O3","gcc-6.2.0",""
"860","84",860,"84.3","64","O3","clang-3.8.1",""
"861","78",861,"78.3","1","O3","clang-3.8.1",""
"862","71",862,"71.3","1","O2","clang-3.8.1",""
"863","40",863,"40.3","16","O3","clang-3.7.1",""
"864","260",864,"260.3","1","O2","gcc-5.3.0",""
"865","214",865,"214.3","8","O0","gcc-5.1.0",""
"866","243",866,"243.3","16","O2","gcc-5.2.0",""
"867","206",867,"206.3","4","O3","gcc-4.9.4",""
"868","41",868,"41.3","32","O3","clang-3.7.1",""
"869","100",869,"100.3","2","O3","clang-3.9.0",""
"870","261",870,"261.3","2","O2","gcc-5.3.0",""
"871","58",871,"58.3","2","O3","clang-3.8.0",""
"872","240",872,"240.3","2","O2","gcc-5.2.0",""
"873","165",873,"165.3","8","O3","gcc-4.7.3",""
"874","13",874,"13.3","32","O2","clang-3.7.0",""
"875","198",875,"198.3","2","O2","gcc-4.9.4",""
"876","171",876,"171.3","4","O0","gcc-4.8.1",""
"877","44",877,"44.3","2","O0","clang-3.8.0",""
"878","314",878,"314.3","32","O3","gcc-6.1.0",""
"879","276",879,"276.3","4","O0","gcc-5.4.0",""
"880","231",880,"231.3","64","O3","gcc-5.1.0",""
"881","149",881,"149.3","2","O0","gcc-4.7.3",""
"882","64",882,"64.3","1","O0","clang-3.8.1",""
"883","226",883,"226.3","2","O3","gcc-5.1.0",""
"884","173",884,"173.3","16","O0","gcc-4.8.1",""
"885","197",885,"197.3","1","O2","gcc-4.9.4",""
"886","326",886,"326.3","8","O2","gcc-6.2.0",""
"887","221",887,"221.3","8","O2","gcc-5.1.0",""
"888","144",888,"144.3","8","O3","gcc-4.6.4",""
"889","199",889,"199.3","4","O2","gcc-4.9.4",""
"890","88",890,"88.3","8","O0","clang-3.9.0",""
"891","157",891,"157.3","4","O2","gcc-4.7.3",""
"892","277",892,"277.3","8","O0","gcc-5.4.0",""
"893","299",893,"299.3","16","O0","gcc-6.1.0",""
"894","141",894,"141.3","1","O3","gcc-4.6.4",""
"895","270",895,"270.3","8","O3","gcc-5.3.0",""
"896","97",896,"97.3","32","O2","clang-3.9.0",""
"897","187",897,"187.3","16","O3","gcc-4.8.1",""
"898","150",898,"150.3","4","O0","gcc-4.7.3",""
"899","99",899,"99.3","1","O3","clang-3.9.0",""
"900","267",900,"267.3","1","O3","gcc-5.3.0",""
"901","17",901,"17.3","4","O3","clang-3.7.0",""
"902","69",902,"69.3","32","O0","clang-3.8.1",""
"903","159",903,"159.3","16","O2","gcc-4.7.3",""
"904","55",904,"55.3","32","O2","clang-3.8.0",""
"905","66",905,"66.3","4","O0","clang-3.8.1",""
"906","30",906,"30.3","2","O2","clang-3.7.1",""
"907","228",907,"228.3","8","O3","gcc-5.1.0",""
"908","123",908,"123.3","8","O3","gcc-4.5.3",""
"909","212",909,"212.3","2","O0","gcc-5.1.0",""
"910","280",910,"280.3","64","O0","gcc-5.4.0",""
"911","282",911,"282.3","2","O2","gcc-5.4.0",""
"912","174",912,"174.3","32","O0","gcc-4.8.1",""
"913","36",913,"36.3","1","O3","clang-3.7.1",""
"914","294",914,"294.3","64","O3","gcc-5.4.0",""
"915","303",915,"303.3","2","O2","gcc-6.1.0",""
"916","104",916,"104.3","32","O3","clang-3.9.0",""
"917","188",917,"188.3","32","O3","gcc-4.8.1",""
"918","201",918,"201.3","16","O2","gcc-4.9.4",""
"919","81",919,"81.3","8","O3","clang-3.8.1",""
"920","10",920,"10.3","4","O2","clang-3.7.0",""
"921","176",921,"176.3","1","O2","gcc-4.8.1",""
"922","288",922,"288.3","1","O3","gcc-5.4.0",""
"923","224",923,"224.3","64","O2","gcc-5.1.0",""
"924","19",924,"19.3","16","O3","clang-3.7.0",""
"925","170",925,"170.3","2","O0","gcc-4.8.1",""
"926","143",926,"143.3","4","O3","gcc-4.6.4",""
"927","130",927,"130.3","8","O0","gcc-4.6.4",""
"928","313",928,"313.3","16","O3","gcc-6.1.0",""
"929","110",929,"110.3","16","O0","gcc-4.5.3",""
"930","306",930,"306.3","16","O2","gcc-6.1.0",""
"931","329",931,"329.3","64","O2","gcc-6.2.0",""
"932","246",932,"246.3","1","O3","gcc-5.2.0",""
"933","9",933,"9.3","2","O2","clang-3.7.0",""
"934","248",934,"248.3","4","O3","gcc-5.2.0",""
"935","324",935,"324.3","2","O2","gcc-6.2.0",""
"936","200",936,"200.3","8","O2","gcc-4.9.4",""
"937","316",937,"316.3","1","O0","gcc-6.2.0",""
"938","128",938,"128.3","2","O0","gcc-4.6.4",""
"939","278",939,"278.3","16","O0","gcc-5.4.0",""
"940","218",940,"218.3","1","O2","gcc-5.1.0",""
"941","320",941,"320.3","16","O0","gcc-6.2.0",""
"942","232",942,"232.3","1","O0","gcc-5.2.0",""
"943","39",943,"39.3","8","O3","clang-3.7.1",""
"944","146",944,"146.3","32","O3","gcc-4.6.4",""
"945","269",945,"269.3","4","O3","gcc-5.3.0",""
"946","220",946,"220.3","4","O2","gcc-5.1.0",""
"947","239",947,"239.3","1","O2","gcc-5.2.0",""
"948","213",948,"213.3","4","O0","gcc-5.1.0",""
"949","121",949,"121.3","2","O3","gcc-4.5.3",""
"950","51",950,"51.3","2","O2","clang-3.8.0",""
"951","272",951,"272.3","32","O3","gcc-5.3.0",""
"952","80",952,"80.3","4","O3","clang-3.8.1",""
"953","289",953,"289.3","2","O3","gcc-5.4.0",""
"954","222",954,"222.3","16","O2","gcc-5.1.0",""
"955","2",955,"2.3","2","O0","clang-3.7.0",""
"956","62",956,"62.3","32","O3","clang-3.8.0",""
"957","262",957,"262.3","4","O2","gcc-5.3.0",""
"958","122",958,"122.3","4","O3","gcc-4.5.3",""
"959","281",959,"281.3","1","O2","gcc-5.4.0",""
"960","241",960,"241.3","4","O2","gcc-5.2.0",""
"961","180",961,"180.3","16","O2","gcc-4.8.1",""
"962","155",962,"155.3","1","O2","gcc-4.7.3",""
"963","169",963,"169.3","1","O0","gcc-4.8.1",""
"964","129",964,"129.3","4","O0","gcc-4.6.4",""
"965","25",965,"25.3","8","O0","clang-3.7.1",""
"966","301",966,"301.3","64","O0","gcc-6.1.0",""
"967","229",967,"229.3","16","O3","gcc-5.1.0",""
"968","195",968,"195.3","32","O0","gcc-4.9.4",""
"969","96",969,"96.3","16","O2","clang-3.9.0",""
"970","108",970,"108.3","4","O0","gcc-4.5.3",""
"971","167",971,"167.3","32","O3","gcc-4.7.3",""
"972","86",972,"86.3","2","O0","clang-3.9.0",""
"973","134",973,"134.3","1","O2","gcc-4.6.4",""
"974","145",974,"145.3","16","O3","gcc-4.6.4",""
"975","297",975,"297.3","4","O0","gcc-6.1.0",""
"976","271",976,"271.3","16","O3","gcc-5.3.0",""
"977","35",977,"35.3","64","O2","clang-3.7.1",""
"978","333",978,"333.3","8","O3","gcc-6.2.0",""
"979","319",979,"319.3","8","O0","gcc-6.2.0",""
"980","53",980,"53.3","8","O2","clang-3.8.0",""
"981","24",981,"24.3","4","O0","clang-3.7.1",""
"982","156",982,"156.3","2","O2","gcc-4.7.3",""
"983","37",983,"37.3","2","O3","clang-3.7.1",""
"984","27",984,"27.3","32","O0","clang-3.7.1",""
"985","160",985,"160.3","32","O2","gcc-4.7.3",""
"986","328",986,"328.3","32","O2","gcc-6.2.0",""
"987","152",987,"152.3","16","O0","gcc-4.7.3",""
"988","31",988,"31.3","4","O2","clang-3.7.1",""
"989","244",989,"244.3","32","O2","gcc-5.2.0",""
"990","227",990,"227.3","4","O3","gcc-5.1.0",""
"991","83",991,"83.3","32","O3","clang-3.8.1",""
"992","292",992,"292.3","16","O3","gcc-5.4.0",""
"993","67",993,"67.3","8","O0","clang-3.8.1",""
"994","331",994,"331.3","2","O3","gcc-6.2.0",""
"995","164",995,"164.3","4","O3","gcc-4.7.3",""
"996","76",996,"76.3","32","O2","clang-3.8.1",""
"997","177",997,"177.3","2","O2","gcc-4.8.1",""
"998","29",998,"29.3","1","O2","clang-3.7.1",""
"999","310",999,"310.3","2","O3","gcc-6.1.0",""
"1000","118",1000,"118.3","32","O2","gcc-4.5.3",""
"1001","263",1001,"263.3","8","O2","gcc-5.3.0",""
"1002","300",1002,"300.3","32","O0","gcc-6.1.0",""
"1003","119",1003,"119.3","64","O2","gcc-4.5.3",""
"1004","142",1004,"142.3","2","O3","gcc-4.6.4",""
"1005","126",1005,"126.3","64","O3","gcc-4.5.3",""
"1006","273",1006,"273.3","64","O3","gcc-5.3.0",""
"1007","266",1007,"266.3","64","O2","gcc-5.3.0",""
"1008","216",1008,"216.3","32","O0","gcc-5.1.0",""
"1009","220",1009,"220.4","4","O2","gcc-5.1.0",""
"1010","157",1010,"157.4","4","O2","gcc-4.7.3",""
"1011","169",1011,"169.4","1","O0","gcc-4.8.1",""
"1012","250",1012,"250.4","16","O3","gcc-5.2.0",""
"1013","110",1013,"110.4","16","O0","gcc-4.5.3",""
"1014","56",1014,"56.4","64","O2","clang-3.8.0",""
"1015","318",1015,"318.4","4","O0","gcc-6.2.0",""
"1016","31",1016,"31.4","4","O2","clang-3.7.1",""
"1017","29",1017,"29.4","1","O2","clang-3.7.1",""
"1018","202",1018,"202.4","32","O2","gcc-4.9.4",""
"1019","206",1019,"206.4","4","O3","gcc-4.9.4",""
"1020","236",1020,"236.4","16","O0","gcc-5.2.0",""
"1021","93",1021,"93.4","2","O2","clang-3.9.0",""
"1022","279",1022,"279.4","32","O0","gcc-5.4.0",""
"1023","278",1023,"278.4","16","O0","gcc-5.4.0",""
"1024","81",1024,"81.4","8","O3","clang-3.8.1",""
"1025","261",1025,"261.4","2","O2","gcc-5.3.0",""
"1026","186",1026,"186.4","8","O3","gcc-4.8.1",""
"1027","230",1027,"230.4","32","O3","gcc-5.1.0",""
"1028","209",1028,"209.4","32","O3","gcc-4.9.4",""
"1029","332",1029,"332.4","4","O3","gcc-6.2.0",""
"1030","115",1030,"115.4","4","O2","gcc-4.5.3",""
"1031","322",1031,"322.4","64","O0","gcc-6.2.0",""
"1032","131",1032,"131.4","16","O0","gcc-4.6.4",""
"1033","106",1033,"106.4","1","O0","gcc-4.5.3",""
"1034","330",1034,"330.4","1","O3","gcc-6.2.0",""
"1035","315",1035,"315.4","64","O3","gcc-6.1.0",""
"1036","28",1036,"28.4","64","O0","clang-3.7.1",""
"1037","162",1037,"162.4","1","O3","gcc-4.7.3",""
"1038","213",1038,"213.4","4","O0","gcc-5.1.0",""
"1039","134",1039,"134.4","1","O2","gcc-4.6.4",""
"1040","108",1040,"108.4","4","O0","gcc-4.5.3",""
"1041","311",1041,"311.4","4","O3","gcc-6.1.0",""
"1042","228",1042,"228.4","8","O3","gcc-5.1.0",""
"1043","51",1043,"51.4","2","O2","clang-3.8.0",""
"1044","54",1044,"54.4","16","O2","clang-3.8.0",""
"1045","335",1045,"335.4","32","O3","gcc-6.2.0",""
"1046","283",1046,"283.4","4","O2","gcc-5.4.0",""
"1047","79",1047,"79.4","2","O3","clang-3.8.1",""
"1048","8",1048,"8.4","1","O2","clang-3.7.0",""
"1049","87",1049,"87.4","4","O0","clang-3.9.0",""
"1050","39",1050,"39.4","8","O3","clang-3.7.1",""
"1051","124",1051,"124.4","16","O3","gcc-4.5.3",""
"1052","238",1052,"238.4","64","O0","gcc-5.2.0",""
"1053","181",1053,"181.4","32","O2","gcc-4.8.1",""
"1054","158",1054,"158.4","8","O2","gcc-4.7.3",""
"1055","13",1055,"13.4","32","O2","clang-3.7.0",""
"1056","302",1056,"302.4","1","O2","gcc-6.1.0",""
"1057","216",1057,"216.4","32","O0","gcc-5.1.0",""
"1058","117",1058,"117.4","16","O2","gcc-4.5.3",""
"1059","288",1059,"288.4","1","O3","gcc-5.4.0",""
"1060","313",1060,"313.4","16","O3","gcc-6.1.0",""
"1061","71",1061,"71.4","1","O2","clang-3.8.1",""
"1062","36",1062,"36.4","1","O3","clang-3.7.1",""
"1063","219",1063,"219.4","2","O2","gcc-5.1.0",""
"1064","78",1064,"78.4","1","O3","clang-3.8.1",""
"1065","165",1065,"165.4","8","O3","gcc-4.7.3",""
"1066","184",1066,"184.4","2","O3","gcc-4.8.1",""
"1067","267",1067,"267.4","1","O3","gcc-5.3.0",""
"1068","303",1068,"303.4","2","O2","gcc-6.1.0",""
"1069","240",1069,"240.4","2","O2","gcc-5.2.0",""
"1070","32",1070,"32.4","8","O2","clang-3.7.1",""
"1071","82",1071,"82.4","16","O3","clang-3.8.1",""
"1072","57",1072,"57.4","1","O3","clang-3.8.0",""
"1073","10",1073,"10.4","4","O2","clang-3.7.0",""
"1074","295",1074,"295.4","1","O0","gcc-6.1.0",""
"1075","121",1075,"121.4","2","O3","gcc-4.5.3",""
"1076","61",1076,"61.4","16","O3","clang-3.8.0",""
"1077","52",1077,"52.4","4","O2","clang-3.8.0",""
"1078","138",1078,"138.4","16","O2","gcc-4.6.4",""
"1079","269",1079,"269.4","4","O3","gcc-5.3.0",""
"1080","33",1080,"33.4","16","O2","clang-3.7.1",""
"1081","336",1081,"336.4","64","O3","gcc-6.2.0",""
"1082","201",1082,"201.4","16","O2","gcc-4.9.4",""
"1083","46",1083,"46.4","8","O0","clang-3.8.0",""
"1084","275",1084,"275.4","2","O0","gcc-5.4.0",""
"1085","188",1085,"188.4","32","O3","gcc-4.8.1",""
"1086","35",1086,"35.4","64","O2","clang-3.7.1",""
"1087","285",1087,"285.4","16","O2","gcc-5.4.0",""
"1088","248",1088,"248.4","4","O3","gcc-5.2.0",""
"1089","156",1089,"156.4","2","O2","gcc-4.7.3",""
"1090","223",1090,"223.4","32","O2","gcc-5.1.0",""
"1091","263",1091,"263.4","8","O2","gcc-5.3.0",""
"1092","252",1092,"252.4","64","O3","gcc-5.2.0",""
"1093","83",1093,"83.4","32","O3","clang-3.8.1",""
"1094","53",1094,"53.4","8","O2","clang-3.8.0",""
"1095","47",1095,"47.4","16","O0","clang-3.8.0",""
"1096","271",1096,"271.4","16","O3","gcc-5.3.0",""
"1097","38",1097,"38.4","4","O3","clang-3.7.1",""
"1098","183",1098,"183.4","1","O3","gcc-4.8.1",""
"1099","60",1099,"60.4","8","O3","clang-3.8.0",""
"1100","59",1100,"59.4","4","O3","clang-3.8.0",""
"1101","147",1101,"147.4","64","O3","gcc-4.6.4",""
"1102","80",1102,"80.4","4","O3","clang-3.8.1",""
"1103","321",1103,"321.4","32","O0","gcc-6.2.0",""
"1104","75",1104,"75.4","16","O2","clang-3.8.1",""
"1105","253",1105,"253.4","1","O0","gcc-5.3.0",""
"1106","331",1106,"331.4","2","O3","gcc-6.2.0",""
"1107","176",1107,"176.4","1","O2","gcc-4.8.1",""
"1108","242",1108,"242.4","8","O2","gcc-5.2.0",""
"1109","175",1109,"175.4","64","O0","gcc-4.8.1",""
"1110","324",1110,"324.4","2","O2","gcc-6.2.0",""
"1111","268",1111,"268.4","2","O3","gcc-5.3.0",""
"1112","204",1112,"204.4","1","O3","gcc-4.9.4",""
"1113","187",1113,"187.4","16","O3","gcc-4.8.1",""
"1114","327",1114,"327.4","16","O2","gcc-6.2.0",""
"1115","68",1115,"68.4","16","O0","clang-3.8.1",""
"1116","116",1116,"116.4","8","O2","gcc-4.5.3",""
"1117","237",1117,"237.4","32","O0","gcc-5.2.0",""
"1118","84",1118,"84.4","64","O3","clang-3.8.1",""
"1119","161",1119,"161.4","64","O2","gcc-4.7.3",""
"1120","85",1120,"85.4","1","O0","clang-3.9.0",""
"1121","48",1121,"48.4","32","O0","clang-3.8.0",""
"1122","95",1122,"95.4","8","O2","clang-3.9.0",""
"1123","287",1123,"287.4","64","O2","gcc-5.4.0",""
"1124","191",1124,"191.4","2","O0","gcc-4.9.4",""
"1125","227",1125,"227.4","4","O3","gcc-5.1.0",""
"1126","150",1126,"150.4","4","O0","gcc-4.7.3",""
"1127","177",1127,"177.4","2","O2","gcc-4.8.1",""
"1128","274",1128,"274.4","1","O0","gcc-5.4.0",""
"1129","325",1129,"325.4","4","O2","gcc-6.2.0",""
"1130","111",1130,"111.4","32","O0","gcc-4.5.3",""
"1131","214",1131,"214.4","8","O0","gcc-5.1.0",""
"1132","296",1132,"296.4","2","O0","gcc-6.1.0",""
"1133","277",1133,"277.4","8","O0","gcc-5.4.0",""
"1134","74",1134,"74.4","8","O2","clang-3.8.1",""
"1135","62",1135,"62.4","32","O3","clang-3.8.0",""
"1136","233",1136,"233.4","2","O0","gcc-5.2.0",""
"1137","217",1137,"217.4","64","O0","gcc-5.1.0",""
"1138","205",1138,"205.4","2","O3","gcc-4.9.4",""
"1139","128",1139,"128.4","2","O0","gcc-4.6.4",""
"1140","139",1140,"139.4","32","O2","gcc-4.6.4",""
"1141","6",1141,"6.4","32","O0","clang-3.7.0",""
"1142","290",1142,"290.4","4","O3","gcc-5.4.0",""
"1143","164",1143,"164.4","4","O3","gcc-4.7.3",""
"1144","243",1144,"243.4","16","O2","gcc-5.2.0",""
"1145","67",1145,"67.4","8","O0","clang-3.8.1",""
"1146","194",1146,"194.4","16","O0","gcc-4.9.4",""
"1147","222",1147,"222.4","16","O2","gcc-5.1.0",""
"1148","14",1148,"14.4","64","O2","clang-3.7.0",""
"1149","235",1149,"235.4","8","O0","gcc-5.2.0",""
"1150","255",1150,"255.4","4","O0","gcc-5.3.0",""
"1151","148",1151,"148.4","1","O0","gcc-4.7.3",""
"1152","264",1152,"264.4","16","O2","gcc-5.3.0",""
"1153","154",1153,"154.4","64","O0","gcc-4.7.3",""
"1154","64",1154,"64.4","1","O0","clang-3.8.1",""
"1155","289",1155,"289.4","2","O3","gcc-5.4.0",""
"1156","149",1156,"149.4","2","O0","gcc-4.7.3",""
"1157","251",1157,"251.4","32","O3","gcc-5.2.0",""
"1158","286",1158,"286.4","32","O2","gcc-5.4.0",""
"1159","50",1159,"50.4","1","O2","clang-3.8.0",""
"1160","178",1160,"178.4","4","O2","gcc-4.8.1",""
"1161","5",1161,"5.4","16","O0","clang-3.7.0",""
"1162","126",1162,"126.4","64","O3","gcc-4.5.3",""
"1163","18",1163,"18.4","8","O3","clang-3.7.0",""
"1164","123",1164,"123.4","8","O3","gcc-4.5.3",""
"1165","120",1165,"120.4","1","O3","gcc-4.5.3",""
"1166","69",1166,"69.4","32","O0","clang-3.8.1",""
"1167","153",1167,"153.4","32","O0","gcc-4.7.3",""
"1168","105",1168,"105.4","64","O3","clang-3.9.0",""
"1169","22",1169,"22.4","1","O0","clang-3.7.1",""
"1170","155",1170,"155.4","1","O2","gcc-4.7.3",""
"1171","97",1171,"97.4","32","O2","clang-3.9.0",""
"1172","234",1172,"234.4","4","O0","gcc-5.2.0",""
"1173","11",1173,"11.4","8","O2","clang-3.7.0",""
"1174","27",1174,"27.4","32","O0","clang-3.7.1",""
"1175","125",1175,"125.4","32","O3","gcc-4.5.3",""
"1176","98",1176,"98.4","64","O2","clang-3.9.0",""
"1177","221",1177,"221.4","8","O2","gcc-5.1.0",""
"1178","102",1178,"102.4","8","O3","clang-3.9.0",""
"1179","17",1179,"17.4","4","O3","clang-3.7.0",""
"1180","319",1180,"319.4","8","O0","gcc-6.2.0",""
"1181","309",1181,"309.4","1","O3","gcc-6.1.0",""
"1182","37",1182,"37.4","2","O3","clang-3.7.1",""
"1183","103",1183,"103.4","16","O3","clang-3.9.0",""
"1184","232",1184,"232.4","1","O0","gcc-5.2.0",""
"1185","262",1185,"262.4","4","O2","gcc-5.3.0",""
"1186","21",1186,"21.4","64","O3","clang-3.7.0",""
"1187","89",1187,"89.4","16","O0","clang-3.9.0",""
"1188","58",1188,"58.4","2","O3","clang-3.8.0",""
"1189","132",1189,"132.4","32","O0","gcc-4.6.4",""
"1190","329",1190,"329.4","64","O2","gcc-6.2.0",""
"1191","1",1191,"1.4","1","O0","clang-3.7.0",""
"1192","239",1192,"239.4","1","O2","gcc-5.2.0",""
"1193","197",1193,"197.4","1","O2","gcc-4.9.4",""
"1194","179",1194,"179.4","8","O2","gcc-4.8.1",""
"1195","273",1195,"273.4","64","O3","gcc-5.3.0",""
"1196","254",1196,"254.4","2","O0","gcc-5.3.0",""
"1197","298",1197,"298.4","8","O0","gcc-6.1.0",""
"1198","200",1198,"200.4","8","O2","gcc-4.9.4",""
"1199","173",1199,"173.4","16","O0","gcc-4.8.1",""
"1200","174",1200,"174.4","32","O0","gcc-4.8.1",""
"1201","92",1201,"92.4","1","O2","clang-3.9.0",""
"1202","316",1202,"316.4","1","O0","gcc-6.2.0",""
"1203","241",1203,"241.4","4","O2","gcc-5.2.0",""
"1204","100",1204,"100.4","2","O3","clang-3.9.0",""
"1205","297",1205,"297.4","4","O0","gcc-6.1.0",""
"1206","284",1206,"284.4","8","O2","gcc-5.4.0",""
"1207","42",1207,"42.4","64","O3","clang-3.7.1",""
"1208","55",1208,"55.4","32","O2","clang-3.8.0",""
"1209","24",1209,"24.4","4","O0","clang-3.7.1",""
"1210","218",1210,"218.4","1","O2","gcc-5.1.0",""
"1211","333",1211,"333.4","8","O3","gcc-6.2.0",""
"1212","34",1212,"34.4","32","O2","clang-3.7.1",""
"1213","19",1213,"19.4","16","O3","clang-3.7.0",""
"1214","119",1214,"119.4","64","O2","gcc-4.5.3",""
"1215","45",1215,"45.4","4","O0","clang-3.8.0",""
"1216","320",1216,"320.4","16","O0","gcc-6.2.0",""
"1217","258",1217,"258.4","32","O0","gcc-5.3.0",""
"1218","151",1218,"151.4","8","O0","gcc-4.7.3",""
"1219","310",1219,"310.4","2","O3","gcc-6.1.0",""
"1220","2",1220,"2.4","2","O0","clang-3.7.0",""
"1221","196",1221,"196.4","64","O0","gcc-4.9.4",""
"1222","9",1222,"9.4","2","O2","clang-3.7.0",""
"1223","270",1223,"270.4","8","O3","gcc-5.3.0",""
"1224","249",1224,"249.4","8","O3","gcc-5.2.0",""
"1225","136",1225,"136.4","4","O2","gcc-4.6.4",""
"1226","195",1226,"195.4","32","O0","gcc-4.9.4",""
"1227","141",1227,"141.4","1","O3","gcc-4.6.4",""
"1228","323",1228,"323.4","1","O2","gcc-6.2.0",""
"1229","86",1229,"86.4","2","O0","clang-3.9.0",""
"1230","312",1230,"312.4","8","O3","gcc-6.1.0",""
"1231","12",1231,"12.4","16","O2","clang-3.7.0",""
"1232","40",1232,"40.4","16","O3","clang-3.7.1",""
"1233","44",1233,"44.4","2","O0","clang-3.8.0",""
"1234","208",1234,"208.4","16","O3","gcc-4.9.4",""
"1235","244",1235,"244.4","32","O2","gcc-5.2.0",""
"1236","259",1236,"259.4","64","O0","gcc-5.3.0",""
"1237","190",1237,"190.4","1","O0","gcc-4.9.4",""
"1238","63",1238,"63.4","64","O3","clang-3.8.0",""
"1239","144",1239,"144.4","8","O3","gcc-4.6.4",""
"1240","306",1240,"306.4","16","O2","gcc-6.1.0",""
"1241","272",1241,"272.4","32","O3","gcc-5.3.0",""
"1242","198",1242,"198.4","2","O2","gcc-4.9.4",""
"1243","185",1243,"185.4","4","O3","gcc-4.8.1",""
"1244","118",1244,"118.4","32","O2","gcc-4.5.3",""
"1245","189",1245,"189.4","64","O3","gcc-4.8.1",""
"1246","94",1246,"94.4","4","O2","clang-3.9.0",""
"1247","104",1247,"104.4","32","O3","clang-3.9.0",""
"1248","199",1248,"199.4","4","O2","gcc-4.9.4",""
"1249","193",1249,"193.4","8","O0","gcc-4.9.4",""
"1250","127",1250,"127.4","1","O0","gcc-4.6.4",""
"1251","334",1251,"334.4","16","O3","gcc-6.2.0",""
"1252","152",1252,"152.4","16","O0","gcc-4.7.3",""
"1253","114",1253,"114.4","2","O2","gcc-4.5.3",""
"1254","90",1254,"90.4","32","O0","clang-3.9.0",""
"1255","203",1255,"203.4","64","O2","gcc-4.9.4",""
"1256","65",1256,"65.4","2","O0","clang-3.8.1",""
"1257","77",1257,"77.4","64","O2","clang-3.8.1",""
"1258","229",1258,"229.4","16","O3","gcc-5.1.0",""
"1259","66",1259,"66.4","4","O0","clang-3.8.1",""
"1260","247",1260,"247.4","2","O3","gcc-5.2.0",""
"1261","122",1261,"122.4","4","O3","gcc-4.5.3",""
"1262","172",1262,"172.4","8","O0","gcc-4.8.1",""
"1263","246",1263,"246.4","1","O3","gcc-5.2.0",""
"1264","16",1264,"16.4","2","O3","clang-3.7.0",""
"1265","73",1265,"73.4","4","O2","clang-3.8.1",""
"1266","210",1266,"210.4","64","O3","gcc-4.9.4",""
"1267","260",1267,"260.4","1","O2","gcc-5.3.0",""
"1268","317",1268,"317.4","2","O0","gcc-6.2.0",""
"1269","91",1269,"91.4","64","O0","clang-3.9.0",""
"1270","328",1270,"328.4","32","O2","gcc-6.2.0",""
"1271","107",1271,"107.4","2","O0","gcc-4.5.3",""
"1272","257",1272,"257.4","16","O0","gcc-5.3.0",""
"1273","142",1273,"142.4","2","O3","gcc-4.6.4",""
"1274","167",1274,"167.4","32","O3","gcc-4.7.3",""
"1275","145",1275,"145.4","16","O3","gcc-4.6.4",""
"1276","171",1276,"171.4","4","O0","gcc-4.8.1",""
"1277","76",1277,"76.4","32","O2","clang-3.8.1",""
"1278","30",1278,"30.4","2","O2","clang-3.7.1",""
"1279","304",1279,"304.4","4","O2","gcc-6.1.0",""
"1280","101",1280,"101.4","4","O3","clang-3.9.0",""
"1281","180",1281,"180.4","16","O2","gcc-4.8.1",""
"1282","159",1282,"159.4","16","O2","gcc-4.7.3",""
"1283","20",1283,"20.4","32","O3","clang-3.7.0",""
"1284","231",1284,"231.4","64","O3","gcc-5.1.0",""
"1285","256",1285,"256.4","8","O0","gcc-5.3.0",""
"1286","23",1286,"23.4","2","O0","clang-3.7.1",""
"1287","160",1287,"160.4","32","O2","gcc-4.7.3",""
"1288","170",1288,"170.4","2","O0","gcc-4.8.1",""
"1289","305",1289,"305.4","8","O2","gcc-6.1.0",""
"1290","300",1290,"300.4","32","O0","gcc-6.1.0",""
"1291","140",1291,"140.4","64","O2","gcc-4.6.4",""
"1292","276",1292,"276.4","4","O0","gcc-5.4.0",""
"1293","281",1293,"281.4","1","O2","gcc-5.4.0",""
"1294","291",1294,"291.4","8","O3","gcc-5.4.0",""
"1295","163",1295,"163.4","2","O3","gcc-4.7.3",""
"1296","212",1296,"212.4","2","O0","gcc-5.1.0",""
"1297","3",1297,"3.4","4","O0","clang-3.7.0",""
"1298","135",1298,"135.4","2","O2","gcc-4.6.4",""
"1299","109",1299,"109.4","8","O0","gcc-4.5.3",""
"1300","226",1300,"226.4","2","O3","gcc-5.1.0",""
"1301","215",1301,"215.4","16","O0","gcc-5.1.0",""
"1302","308",1302,"308.4","64","O2","gcc-6.1.0",""
"1303","225",1303,"225.4","1","O3","gcc-5.1.0",""
"1304","211",1304,"211.4","1","O0","gcc-5.1.0",""
"1305","292",1305,"292.4","16","O3","gcc-5.4.0",""
"1306","294",1306,"294.4","64","O3","gcc-5.4.0",""
"1307","113",1307,"113.4","1","O2","gcc-4.5.3",""
"1308","192",1308,"192.4","4","O0","gcc-4.9.4",""
"1309","266",1309,"266.4","64","O2","gcc-5.3.0",""
"1310","15",1310,"15.4","1","O3","clang-3.7.0",""
"1311","146",1311,"146.4","32","O3","gcc-4.6.4",""
"1312","49",1312,"49.4","64","O0","clang-3.8.0",""
"1313","137",1313,"137.4","8","O2","gcc-4.6.4",""
"1314","130",1314,"130.4","8","O0","gcc-4.6.4",""
"1315","43",1315,"43.4","1","O0","clang-3.8.0",""
"1316","26",1316,"26.4","16","O0","clang-3.7.1",""
"1317","301",1317,"301.4","64","O0","gcc-6.1.0",""
"1318","299",1318,"299.4","16","O0","gcc-6.1.0",""
"1319","143",1319,"143.4","4","O3","gcc-4.6.4",""
"1320","72",1320,"72.4","2","O2","clang-3.8.1",""
"1321","224",1321,"224.4","64","O2","gcc-5.1.0",""
"1322","207",1322,"207.4","8","O3","gcc-4.9.4",""
"1323","96",1323,"96.4","16","O2","clang-3.9.0",""
"1324","280",1324,"280.4","64","O0","gcc-5.4.0",""
"1325","99",1325,"99.4","1","O3","clang-3.9.0",""
"1326","282",1326,"282.4","2","O2","gcc-5.4.0",""
"1327","314",1327,"314.4","32","O3","gcc-6.1.0",""
"1328","245",1328,"245.4","64","O2","gcc-5.2.0",""
"1329","129",1329,"129.4","4","O0","gcc-4.6.4",""
"1330","70",1330,"70.4","64","O0","clang-3.8.1",""
"1331","25",1331,"25.4","8","O0","clang-3.7.1",""
"1332","7",1332,"7.4","64","O0","clang-3.7.0",""
"1333","4",1333,"4.4","8","O0","clang-3.7.0",""
"1334","307",1334,"307.4","32","O2","gcc-6.1.0",""
"1335","112",1335,"112.4","64","O0","gcc-4.5.3",""
"1336","133",1336,"133.4","64","O0","gcc-4.6.4",""
"1337","265",1337,"265.4","32","O2","gcc-5.3.0",""
"1338","326",1338,"326.4","8","O2","gcc-6.2.0",""
"1339","166",1339,"166.4","16","O3","gcc-4.7.3",""
"1340","41",1340,"41.4","32","O3","clang-3.7.1",""
"1341","182",1341,"182.4","64","O2","gcc-4.8.1",""
"1342","293",1342,"293.4","32","O3","gcc-5.4.0",""
"1343","168",1343,"168.4","64","O3","gcc-4.7.3",""
"1344","88",1344,"88.4","8","O0","clang-3.9.0",""
"1345","194",1345,"194.5","16","O0","gcc-4.9.4",""
"1346","186",1346,"186.5","8","O3","gcc-4.8.1",""
"1347","62",1347,"62.5","32","O3","clang-3.8.0",""
"1348","300",1348,"300.5","32","O0","gcc-6.1.0",""
"1349","101",1349,"101.5","4","O3","clang-3.9.0",""
"1350","180",1350,"180.5","16","O2","gcc-4.8.1",""
"1351","319",1351,"319.5","8","O0","gcc-6.2.0",""
"1352","9",1352,"9.5","2","O2","clang-3.7.0",""
"1353","203",1353,"203.5","64","O2","gcc-4.9.4",""
"1354","142",1354,"142.5","2","O3","gcc-4.6.4",""
"1355","8",1355,"8.5","1","O2","clang-3.7.0",""
"1356","102",1356,"102.5","8","O3","clang-3.9.0",""
"1357","211",1357,"211.5","1","O0","gcc-5.1.0",""
"1358","182",1358,"182.5","64","O2","gcc-4.8.1",""
"1359","311",1359,"311.5","4","O3","gcc-6.1.0",""
"1360","258",1360,"258.5","32","O0","gcc-5.3.0",""
"1361","11",1361,"11.5","8","O2","clang-3.7.0",""
"1362","251",1362,"251.5","32","O3","gcc-5.2.0",""
"1363","87",1363,"87.5","4","O0","clang-3.9.0",""
"1364","313",1364,"313.5","16","O3","gcc-6.1.0",""
"1365","241",1365,"241.5","4","O2","gcc-5.2.0",""
"1366","76",1366,"76.5","32","O2","clang-3.8.1",""
"1367","177",1367,"177.5","2","O2","gcc-4.8.1",""
"1368","36",1368,"36.5","1","O3","clang-3.7.1",""
"1369","162",1369,"162.5","1","O3","gcc-4.7.3",""
"1370","57",1370,"57.5","1","O3","clang-3.8.0",""
"1371","179",1371,"179.5","8","O2","gcc-4.8.1",""
"1372","160",1372,"160.5","32","O2","gcc-4.7.3",""
"1373","304",1373,"304.5","4","O2","gcc-6.1.0",""
"1374","12",1374,"12.5","16","O2","clang-3.7.0",""
"1375","197",1375,"197.5","1","O2","gcc-4.9.4",""
"1376","173",1376,"173.5","16","O0","gcc-4.8.1",""
"1377","122",1377,"122.5","4","O3","gcc-4.5.3",""
"1378","226",1378,"226.5","2","O3","gcc-5.1.0",""
"1379","227",1379,"227.5","4","O3","gcc-5.1.0",""
"1380","236",1380,"236.5","16","O0","gcc-5.2.0",""
"1381","81",1381,"81.5","8","O3","clang-3.8.1",""
"1382","266",1382,"266.5","64","O2","gcc-5.3.0",""
"1383","153",1383,"153.5","32","O0","gcc-4.7.3",""
"1384","317",1384,"317.5","2","O0","gcc-6.2.0",""
"1385","70",1385,"70.5","64","O0","clang-3.8.1",""
"1386","107",1386,"107.5","2","O0","gcc-4.5.3",""
"1387","74",1387,"74.5","8","O2","clang-3.8.1",""
"1388","234",1388,"234.5","4","O0","gcc-5.2.0",""
"1389","119",1389,"119.5","64","O2","gcc-4.5.3",""
"1390","222",1390,"222.5","16","O2","gcc-5.1.0",""
"1391","325",1391,"325.5","4","O2","gcc-6.2.0",""
"1392","18",1392,"18.5","8","O3","clang-3.7.0",""
"1393","155",1393,"155.5","1","O2","gcc-4.7.3",""
"1394","104",1394,"104.5","32","O3","clang-3.9.0",""
"1395","200",1395,"200.5","8","O2","gcc-4.9.4",""
"1396","277",1396,"277.5","8","O0","gcc-5.4.0",""
"1397","55",1397,"55.5","32","O2","clang-3.8.0",""
"1398","54",1398,"54.5","16","O2","clang-3.8.0",""
"1399","48",1399,"48.5","32","O0","clang-3.8.0",""
"1400","116",1400,"116.5","8","O2","gcc-4.5.3",""
"1401","169",1401,"169.5","1","O0","gcc-4.8.1",""
"1402","284",1402,"284.5","8","O2","gcc-5.4.0",""
"1403","267",1403,"267.5","1","O3","gcc-5.3.0",""
"1404","316",1404,"316.5","1","O0","gcc-6.2.0",""
"1405","34",1405,"34.5","32","O2","clang-3.7.1",""
"1406","105",1406,"105.5","64","O3","clang-3.9.0",""
"1407","195",1407,"195.5","32","O0","gcc-4.9.4",""
"1408","145",1408,"145.5","16","O3","gcc-4.6.4",""
"1409","278",1409,"278.5","16","O0","gcc-5.4.0",""
"1410","115",1410,"115.5","4","O2","gcc-4.5.3",""
"1411","30",1411,"30.5","2","O2","clang-3.7.1",""
"1412","91",1412,"91.5","64","O0","clang-3.9.0",""
"1413","265",1413,"265.5","32","O2","gcc-5.3.0",""
"1414","275",1414,"275.5","2","O0","gcc-5.4.0",""
"1415","330",1415,"330.5","1","O3","gcc-6.2.0",""
"1416","111",1416,"111.5","32","O0","gcc-4.5.3",""
"1417","66",1417,"66.5","4","O0","clang-3.8.1",""
"1418","33",1418,"33.5","16","O2","clang-3.7.1",""
"1419","73",1419,"73.5","4","O2","clang-3.8.1",""
"1420","320",1420,"320.5","16","O0","gcc-6.2.0",""
"1421","121",1421,"121.5","2","O3","gcc-4.5.3",""
"1422","273",1422,"273.5","64","O3","gcc-5.3.0",""
"1423","228",1423,"228.5","8","O3","gcc-5.1.0",""
"1424","42",1424,"42.5","64","O3","clang-3.7.1",""
"1425","302",1425,"302.5","1","O2","gcc-6.1.0",""
"1426","58",1426,"58.5","2","O3","clang-3.8.0",""
"1427","29",1427,"29.5","1","O2","clang-3.7.1",""
"1428","167",1428,"167.5","32","O3","gcc-4.7.3",""
"1429","218",1429,"218.5","1","O2","gcc-5.1.0",""
"1430","274",1430,"274.5","1","O0","gcc-5.4.0",""
"1431","253",1431,"253.5","1","O0","gcc-5.3.0",""
"1432","131",1432,"131.5","16","O0","gcc-4.6.4",""
"1433","88",1433,"88.5","8","O0","clang-3.9.0",""
"1434","41",1434,"41.5","32","O3","clang-3.7.1",""
"1435","201",1435,"201.5","16","O2","gcc-4.9.4",""
"1436","151",1436,"151.5","8","O0","gcc-4.7.3",""
"1437","229",1437,"229.5","16","O3","gcc-5.1.0",""
"1438","154",1438,"154.5","64","O0","gcc-4.7.3",""
"1439","149",1439,"149.5","2","O0","gcc-4.7.3",""
"1440","257",1440,"257.5","16","O0","gcc-5.3.0",""
"1441","127",1441,"127.5","1","O0","gcc-4.6.4",""
"1442","209",1442,"209.5","32","O3","gcc-4.9.4",""
"1443","329",1443,"329.5","64","O2","gcc-6.2.0",""
"1444","240",1444,"240.5","2","O2","gcc-5.2.0",""
"1445","299",1445,"299.5","16","O0","gcc-6.1.0",""
"1446","4",1446,"4.5","8","O0","clang-3.7.0",""
"1447","166",1447,"166.5","16","O3","gcc-4.7.3",""
"1448","100",1448,"100.5","2","O3","clang-3.9.0",""
"1449","192",1449,"192.5","4","O0","gcc-4.9.4",""
"1450","14",1450,"14.5","64","O2","clang-3.7.0",""
"1451","163",1451,"163.5","2","O3","gcc-4.7.3",""
"1452","210",1452,"210.5","64","O3","gcc-4.9.4",""
"1453","147",1453,"147.5","64","O3","gcc-4.6.4",""
"1454","53",1454,"53.5","8","O2","clang-3.8.0",""
"1455","215",1455,"215.5","16","O0","gcc-5.1.0",""
"1456","279",1456,"279.5","32","O0","gcc-5.4.0",""
"1457","245",1457,"245.5","64","O2","gcc-5.2.0",""
"1458","309",1458,"309.5","1","O3","gcc-6.1.0",""
"1459","255",1459,"255.5","4","O0","gcc-5.3.0",""
"1460","327",1460,"327.5","16","O2","gcc-6.2.0",""
"1461","293",1461,"293.5","32","O3","gcc-5.4.0",""
"1462","52",1462,"52.5","4","O2","clang-3.8.0",""
"1463","16",1463,"16.5","2","O3","clang-3.7.0",""
"1464","128",1464,"128.5","2","O0","gcc-4.6.4",""
"1465","117",1465,"117.5","16","O2","gcc-4.5.3",""
"1466","130",1466,"130.5","8","O0","gcc-4.6.4",""
"1467","244",1467,"244.5","32","O2","gcc-5.2.0",""
"1468","175",1468,"175.5","64","O0","gcc-4.8.1",""
"1469","283",1469,"283.5","4","O2","gcc-5.4.0",""
"1470","65",1470,"65.5","2","O0","clang-3.8.1",""
"1471","208",1471,"208.5","16","O3","gcc-4.9.4",""
"1472","291",1472,"291.5","8","O3","gcc-5.4.0",""
"1473","328",1473,"328.5","32","O2","gcc-6.2.0",""
"1474","230",1474,"230.5","32","O3","gcc-5.1.0",""
"1475","156",1475,"156.5","2","O2","gcc-4.7.3",""
"1476","285",1476,"285.5","16","O2","gcc-5.4.0",""
"1477","75",1477,"75.5","16","O2","clang-3.8.1",""
"1478","331",1478,"331.5","2","O3","gcc-6.2.0",""
"1479","25",1479,"25.5","8","O0","clang-3.7.1",""
"1480","24",1480,"24.5","4","O0","clang-3.7.1",""
"1481","242",1481,"242.5","8","O2","gcc-5.2.0",""
"1482","13",1482,"13.5","32","O2","clang-3.7.0",""
"1483","214",1483,"214.5","8","O0","gcc-5.1.0",""
"1484","51",1484,"51.5","2","O2","clang-3.8.0",""
"1485","26",1485,"26.5","16","O0","clang-3.7.1",""
"1486","143",1486,"143.5","4","O3","gcc-4.6.4",""
"1487","318",1487,"318.5","4","O0","gcc-6.2.0",""
"1488","93",1488,"93.5","2","O2","clang-3.9.0",""
"1489","187",1489,"187.5","16","O3","gcc-4.8.1",""
"1490","232",1490,"232.5","1","O0","gcc-5.2.0",""
"1491","125",1491,"125.5","32","O3","gcc-4.5.3",""
"1492","289",1492,"289.5","2","O3","gcc-5.4.0",""
"1493","206",1493,"206.5","4","O3","gcc-4.9.4",""
"1494","305",1494,"305.5","8","O2","gcc-6.1.0",""
"1495","129",1495,"129.5","4","O0","gcc-4.6.4",""
"1496","90",1496,"90.5","32","O0","clang-3.9.0",""
"1497","109",1497,"109.5","8","O0","gcc-4.5.3",""
"1498","44",1498,"44.5","2","O0","clang-3.8.0",""
"1499","72",1499,"72.5","2","O2","clang-3.8.1",""
"1500","5",1500,"5.5","16","O0","clang-3.7.0",""
"1501","239",1501,"239.5","1","O2","gcc-5.2.0",""
"1502","314",1502,"314.5","32","O3","gcc-6.1.0",""
"1503","261",1503,"261.5","2","O2","gcc-5.3.0",""
"1504","136",1504,"136.5","4","O2","gcc-4.6.4",""
"1505","98",1505,"98.5","64","O2","clang-3.9.0",""
"1506","31",1506,"31.5","4","O2","clang-3.7.1",""
"1507","27",1507,"27.5","32","O0","clang-3.7.1",""
"1508","185",1508,"185.5","4","O3","gcc-4.8.1",""
"1509","306",1509,"306.5","16","O2","gcc-6.1.0",""
"1510","193",1510,"193.5","8","O0","gcc-4.9.4",""
"1511","190",1511,"190.5","1","O0","gcc-4.9.4",""
"1512","19",1512,"19.5","16","O3","clang-3.7.0",""
"1513","247",1513,"247.5","2","O3","gcc-5.2.0",""
"1514","99",1514,"99.5","1","O3","clang-3.9.0",""
"1515","281",1515,"281.5","1","O2","gcc-5.4.0",""
"1516","59",1516,"59.5","4","O3","clang-3.8.0",""
"1517","188",1517,"188.5","32","O3","gcc-4.8.1",""
"1518","272",1518,"272.5","32","O3","gcc-5.3.0",""
"1519","46",1519,"46.5","8","O0","clang-3.8.0",""
"1520","144",1520,"144.5","8","O3","gcc-4.6.4",""
"1521","312",1521,"312.5","8","O3","gcc-6.1.0",""
"1522","183",1522,"183.5","1","O3","gcc-4.8.1",""
"1523","15",1523,"15.5","1","O3","clang-3.7.0",""
"1524","292",1524,"292.5","16","O3","gcc-5.4.0",""
"1525","114",1525,"114.5","2","O2","gcc-4.5.3",""
"1526","80",1526,"80.5","4","O3","clang-3.8.1",""
"1527","308",1527,"308.5","64","O2","gcc-6.1.0",""
"1528","95",1528,"95.5","8","O2","clang-3.9.0",""
"1529","124",1529,"124.5","16","O3","gcc-4.5.3",""
"1530","152",1530,"152.5","16","O0","gcc-4.7.3",""
"1531","135",1531,"135.5","2","O2","gcc-4.6.4",""
"1532","139",1532,"139.5","32","O2","gcc-4.6.4",""
"1533","207",1533,"207.5","8","O3","gcc-4.9.4",""
"1534","159",1534,"159.5","16","O2","gcc-4.7.3",""
"1535","43",1535,"43.5","1","O0","clang-3.8.0",""
"1536","60",1536,"60.5","8","O3","clang-3.8.0",""
"1537","176",1537,"176.5","1","O2","gcc-4.8.1",""
"1538","35",1538,"35.5","64","O2","clang-3.7.1",""
"1539","165",1539,"165.5","8","O3","gcc-4.7.3",""
"1540","271",1540,"271.5","16","O3","gcc-5.3.0",""
"1541","243",1541,"243.5","16","O2","gcc-5.2.0",""
"1542","191",1542,"191.5","2","O0","gcc-4.9.4",""
"1543","335",1543,"335.5","32","O3","gcc-6.2.0",""
"1544","157",1544,"157.5","4","O2","gcc-4.7.3",""
"1545","172",1545,"172.5","8","O0","gcc-4.8.1",""
"1546","260",1546,"260.5","1","O2","gcc-5.3.0",""
"1547","134",1547,"134.5","1","O2","gcc-4.6.4",""
"1548","256",1548,"256.5","8","O0","gcc-5.3.0",""
"1549","217",1549,"217.5","64","O0","gcc-5.1.0",""
"1550","118",1550,"118.5","32","O2","gcc-4.5.3",""
"1551","45",1551,"45.5","4","O0","clang-3.8.0",""
"1552","301",1552,"301.5","64","O0","gcc-6.1.0",""
"1553","324",1553,"324.5","2","O2","gcc-6.2.0",""
"1554","32",1554,"32.5","8","O2","clang-3.7.1",""
"1555","7",1555,"7.5","64","O0","clang-3.7.0",""
"1556","282",1556,"282.5","2","O2","gcc-5.4.0",""
"1557","326",1557,"326.5","8","O2","gcc-6.2.0",""
"1558","181",1558,"181.5","32","O2","gcc-4.8.1",""
"1559","22",1559,"22.5","1","O0","clang-3.7.1",""
"1560","150",1560,"150.5","4","O0","gcc-4.7.3",""
"1561","263",1561,"263.5","8","O2","gcc-5.3.0",""
"1562","164",1562,"164.5","4","O3","gcc-4.7.3",""
"1563","112",1563,"112.5","64","O0","gcc-4.5.3",""
"1564","84",1564,"84.5","64","O3","clang-3.8.1",""
"1565","237",1565,"237.5","32","O0","gcc-5.2.0",""
"1566","199",1566,"199.5","4","O2","gcc-4.9.4",""
"1567","254",1567,"254.5","2","O0","gcc-5.3.0",""
"1568","295",1568,"295.5","1","O0","gcc-6.1.0",""
"1569","38",1569,"38.5","4","O3","clang-3.7.1",""
"1570","298",1570,"298.5","8","O0","gcc-6.1.0",""
"1571","250",1571,"250.5","16","O3","gcc-5.2.0",""
"1572","262",1572,"262.5","4","O2","gcc-5.3.0",""
"1573","3",1573,"3.5","4","O0","clang-3.7.0",""
"1574","332",1574,"332.5","4","O3","gcc-6.2.0",""
"1575","333",1575,"333.5","8","O3","gcc-6.2.0",""
"1576","108",1576,"108.5","4","O0","gcc-4.5.3",""
"1577","288",1577,"288.5","1","O3","gcc-5.4.0",""
"1578","336",1578,"336.5","64","O3","gcc-6.2.0",""
"1579","287",1579,"287.5","64","O2","gcc-5.4.0",""
"1580","17",1580,"17.5","4","O3","clang-3.7.0",""
"1581","171",1581,"171.5","4","O0","gcc-4.8.1",""
"1582","323",1582,"323.5","1","O2","gcc-6.2.0",""
"1583","252",1583,"252.5","64","O3","gcc-5.2.0",""
"1584","20",1584,"20.5","32","O3","clang-3.7.0",""
"1585","138",1585,"138.5","16","O2","gcc-4.6.4",""
"1586","315",1586,"315.5","64","O3","gcc-6.1.0",""
"1587","77",1587,"77.5","64","O2","clang-3.8.1",""
"1588","148",1588,"148.5","1","O0","gcc-4.7.3",""
"1589","286",1589,"286.5","32","O2","gcc-5.4.0",""
"1590","47",1590,"47.5","16","O0","clang-3.8.0",""
"1591","82",1591,"82.5","16","O3","clang-3.8.1",""
"1592","198",1592,"198.5","2","O2","gcc-4.9.4",""
"1593","268",1593,"268.5","2","O3","gcc-5.3.0",""
"1594","161",1594,"161.5","64","O2","gcc-4.7.3",""
"1595","213",1595,"213.5","4","O0","gcc-5.1.0",""
"1596","280",1596,"280.5","64","O0","gcc-5.4.0",""
"1597","158",1597,"158.5","8","O2","gcc-4.7.3",""
"1598","113",1598,"113.5","1","O2","gcc-4.5.3",""
"1599","6",1599,"6.5","32","O0","clang-3.7.0",""
"1600","290",1600,"290.5","4","O3","gcc-5.4.0",""
"1601","23",1601,"23.5","2","O0","clang-3.7.1",""
"1602","28",1602,"28.5","64","O0","clang-3.7.1",""
"1603","2",1603,"2.5","2","O0","clang-3.7.0",""
"1604","146",1604,"146.5","32","O3","gcc-4.6.4",""
"1605","56",1605,"56.5","64","O2","clang-3.8.0",""
"1606","71",1606,"71.5","1","O2","clang-3.8.1",""
"1607","225",1607,"225.5","1","O3","gcc-5.1.0",""
"1608","133",1608,"133.5","64","O0","gcc-4.6.4",""
"1609","1",1609,"1.5","1","O0","clang-3.7.0",""
"1610","310",1610,"310.5","2","O3","gcc-6.1.0",""
"1611","63",1611,"63.5","64","O3","clang-3.8.0",""
"1612","202",1612,"202.5","32","O2","gcc-4.9.4",""
"1613","259",1613,"259.5","64","O0","gcc-5.3.0",""
"1614","49",1614,"49.5","64","O0","clang-3.8.0",""
"1615","294",1615,"294.5","64","O3","gcc-5.4.0",""
"1616","37",1616,"37.5","2","O3","clang-3.7.1",""
"1617","168",1617,"168.5","64","O3","gcc-4.7.3",""
"1618","196",1618,"196.5","64","O0","gcc-4.9.4",""
"1619","296",1619,"296.5","2","O0","gcc-6.1.0",""
"1620","231",1620,"231.5","64","O3","gcc-5.1.0",""
"1621","61",1621,"61.5","16","O3","clang-3.8.0",""
"1622","89",1622,"89.5","16","O0","clang-3.9.0",""
"1623","264",1623,"264.5","16","O2","gcc-5.3.0",""
"1624","126",1624,"126.5","64","O3","gcc-4.5.3",""
"1625","141",1625,"141.5","1","O3","gcc-4.6.4",""
"1626","97",1626,"97.5","32","O2","clang-3.9.0",""
"1627","78",1627,"78.5","1","O3","clang-3.8.1",""
"1628","249",1628,"249.5","8","O3","gcc-5.2.0",""
"1629","224",1629,"224.5","64","O2","gcc-5.1.0",""
"1630","322",1630,"322.5","64","O0","gcc-6.2.0",""
"1631","69",1631,"69.5","32","O0","clang-3.8.1",""
"1632","86",1632,"86.5","2","O0","clang-3.9.0",""
"1633","270",1633,"270.5","8","O3","gcc-5.3.0",""
"1634","21",1634,"21.5","64","O3","clang-3.7.0",""
"1635","205",1635,"205.5","2","O3","gcc-4.9.4",""
"1636","67",1636,"67.5","8","O0","clang-3.8.1",""
"1637","68",1637,"68.5","16","O0","clang-3.8.1",""
"1638","204",1638,"204.5","1","O3","gcc-4.9.4",""
"1639","40",1639,"40.5","16","O3","clang-3.7.1",""
"1640","83",1640,"83.5","32","O3","clang-3.8.1",""
"1641","233",1641,"233.5","2","O0","gcc-5.2.0",""
"1642","10",1642,"10.5","4","O2","clang-3.7.0",""
"1643","223",1643,"223.5","32","O2","gcc-5.1.0",""
"1644","321",1644,"321.5","32","O0","gcc-6.2.0",""
"1645","79",1645,"79.5","2","O3","clang-3.8.1",""
"1646","189",1646,"189.5","64","O3","gcc-4.8.1",""
"1647","220",1647,"220.5","4","O2","gcc-5.1.0",""
"1648","276",1648,"276.5","4","O0","gcc-5.4.0",""
"1649","334",1649,"334.5","16","O3","gcc-6.2.0",""
"1650","219",1650,"219.5","2","O2","gcc-5.1.0",""
"1651","235",1651,"235.5","8","O0","gcc-5.2.0",""
"1652","39",1652,"39.5","8","O3","clang-3.7.1",""
"1653","212",1653,"212.5","2","O0","gcc-5.1.0",""
"1654","64",1654,"64.5","1","O0","clang-3.8.1",""
"1655","238",1655,"238.5","64","O0","gcc-5.2.0",""
"1656","248",1656,"248.5","4","O3","gcc-5.2.0",""
"1657","216",1657,"216.5","32","O0","gcc-5.1.0",""
"1658","106",1658,"106.5","1","O0","gcc-4.5.3",""
"1659","178",1659,"178.5","4","O2","gcc-4.8.1",""
"1660","269",1660,"269.5","4","O3","gcc-5.3.0",""
"1661","50",1661,"50.5","1","O2","clang-3.8.0",""
"1662","120",1662,"120.5","1","O3","gcc-4.5.3",""
"1663","221",1663,"221.5","8","O2","gcc-5.1.0",""
"1664","110",1664,"110.5","16","O0","gcc-4.5.3",""
"1665","94",1665,"94.5","4","O2","clang-3.9.0",""
"1666","246",1666,"246.5","1","O3","gcc-5.2.0",""
"1667","123",1667,"123.5","8","O3","gcc-4.5.3",""
"1668","96",1668,"96.5","16","O2","clang-3.9.0",""
"1669","297",1669,"297.5","4","O0","gcc-6.1.0",""
"1670","85",1670,"85.5","1","O0","clang-3.9.0",""
"1671","92",1671,"92.5","1","O2","clang-3.9.0",""
"1672","137",1672,"137.5","8","O2","gcc-4.6.4",""
"1673","174",1673,"174.5","32","O0","gcc-4.8.1",""
"1674","140",1674,"140.5","64","O2","gcc-4.6.4",""
"1675","307",1675,"307.5","32","O2","gcc-6.1.0",""
"1676","103",1676,"103.5","16","O3","clang-3.9.0",""
"1677","303",1677,"303.5","2","O2","gcc-6.1.0",""
"1678","132",1678,"132.5","32","O0","gcc-4.6.4",""
"1679","170",1679,"170.5","2","O0","gcc-4.8.1",""
"1680","184",1680,"184.5","2","O3","gcc-4.8.1",""
